MATCHER,NRACTIONS,NRROOTS,TIME,NROPTIONS,GT_BUM_SMT,GT_BUM_SMT_SBUP,GT_BUM_SZT,GT_CD_LSIM,GT_CD_ML,GT_CD_SSIM1,GT_CD_SSIM2,GT_STM_MH,GT_XYM_SIM,GUMTREE_MATCH_GT_MINH,
SimpleGumtree,3,1,88,2,,0.1,,,,,,1,,,
SimpleGumtree,3,1,54,2,,0.2,,,,,,1,,,
SimpleGumtree,3,1,44,2,,0.3,,,,,,1,,,
SimpleGumtree,3,1,44,2,,0.4,,,,,,1,,,
SimpleGumtree,3,1,67,2,,0.5,,,,,,1,,,
SimpleGumtree,3,1,58,2,,0.6,,,,,,1,,,
SimpleGumtree,3,1,46,2,,0.7,,,,,,1,,,
SimpleGumtree,3,1,90,2,,0.799,,,,,,1,,,
SimpleGumtree,3,1,52,2,,0.899,,,,,,1,,,
SimpleGumtree,3,1,64,2,,0.999,,,,,,1,,,
SimpleGumtree,3,1,7,2,,0.1,,,,,,2,,,
SimpleGumtree,3,1,21,2,,0.2,,,,,,2,,,
SimpleGumtree,3,1,13,2,,0.3,,,,,,2,,,
SimpleGumtree,3,1,20,2,,0.4,,,,,,2,,,
SimpleGumtree,3,1,24,2,,0.5,,,,,,2,,,
SimpleGumtree,3,1,28,2,,0.6,,,,,,2,,,
SimpleGumtree,3,1,26,2,,0.7,,,,,,2,,,
SimpleGumtree,3,1,23,2,,0.799,,,,,,2,,,
SimpleGumtree,3,1,25,2,,0.899,,,,,,2,,,
SimpleGumtree,3,1,52,2,,0.999,,,,,,2,,,
SimpleGumtree,3,1,44,2,,0.1,,,,,,3,,,
SimpleGumtree,3,1,45,2,,0.2,,,,,,3,,,
SimpleGumtree,3,1,41,2,,0.3,,,,,,3,,,
SimpleGumtree,3,1,46,2,,0.4,,,,,,3,,,
SimpleGumtree,3,1,42,2,,0.5,,,,,,3,,,
SimpleGumtree,3,1,15,2,,0.6,,,,,,3,,,
SimpleGumtree,3,1,42,2,,0.7,,,,,,3,,,
SimpleGumtree,3,1,47,2,,0.799,,,,,,3,,,
SimpleGumtree,3,1,11,2,,0.899,,,,,,3,,,
SimpleGumtree,3,1,8,2,,0.999,,,,,,3,,,
SimpleGumtree,3,1,9,2,,0.1,,,,,,4,,,
SimpleGumtree,3,1,61,2,,0.2,,,,,,4,,,
SimpleGumtree,3,1,46,2,,0.3,,,,,,4,,,
SimpleGumtree,3,1,19,2,,0.4,,,,,,4,,,
SimpleGumtree,3,1,22,2,,0.5,,,,,,4,,,
SimpleGumtree,3,1,22,2,,0.6,,,,,,4,,,
SimpleGumtree,3,1,31,2,,0.7,,,,,,4,,,
SimpleGumtree,3,1,29,2,,0.799,,,,,,4,,,
SimpleGumtree,3,1,29,2,,0.899,,,,,,4,,,
SimpleGumtree,3,1,27,2,,0.999,,,,,,4,,,
SimpleGumtree,3,1,32,2,,0.1,,,,,,5,,,
SimpleGumtree,3,1,32,2,,0.2,,,,,,5,,,
SimpleGumtree,3,1,31,2,,0.3,,,,,,5,,,
SimpleGumtree,3,1,32,2,,0.4,,,,,,5,,,
SimpleGumtree,3,1,34,2,,0.5,,,,,,5,,,
SimpleGumtree,3,1,28,2,,0.6,,,,,,5,,,
SimpleGumtree,3,1,33,2,,0.7,,,,,,5,,,
SimpleGumtree,3,1,24,2,,0.799,,,,,,5,,,
SimpleGumtree,3,1,35,2,,0.899,,,,,,5,,,
SimpleGumtree,3,1,29,2,,0.999,,,,,,5,,,
ClassicGumtree,11,9,4,3,0.1,,100,,,,,1,,,
ClassicGumtree,9,7,1526,3,0.1,,200,,,,,1,,,
ClassicGumtree,3,1,3023,3,0.1,,300,,,,,1,,,
ClassicGumtree,3,1,3073,3,0.1,,400,,,,,1,,,
ClassicGumtree,3,1,2984,3,0.1,,500,,,,,1,,,
ClassicGumtree,3,1,3007,3,0.1,,600,,,,,1,,,
ClassicGumtree,3,1,3033,3,0.1,,700,,,,,1,,,
ClassicGumtree,3,1,3061,3,0.1,,800,,,,,1,,,
ClassicGumtree,3,1,3056,3,0.1,,900,,,,,1,,,
ClassicGumtree,3,1,3007,3,0.1,,1000,,,,,1,,,
ClassicGumtree,3,1,3031,3,0.1,,1100,,,,,1,,,
ClassicGumtree,3,1,1809,3,0.1,,1200,,,,,1,,,
ClassicGumtree,3,1,1285,3,0.1,,1300,,,,,1,,,
ClassicGumtree,3,1,1364,3,0.1,,1400,,,,,1,,,
ClassicGumtree,3,1,1311,3,0.1,,1500,,,,,1,,,
ClassicGumtree,3,1,1273,3,0.1,,1600,,,,,1,,,
ClassicGumtree,3,1,1289,3,0.1,,1700,,,,,1,,,
ClassicGumtree,3,1,1279,3,0.1,,1800,,,,,1,,,
ClassicGumtree,3,1,1163,3,0.1,,1900,,,,,1,,,
ClassicGumtree,3,1,1187,3,0.1,,2000,,,,,1,,,
ClassicGumtree,181,71,3,3,0.1,,100,,,,,2,,,
ClassicGumtree,37,21,288,3,0.1,,200,,,,,2,,,
ClassicGumtree,3,1,1222,3,0.1,,300,,,,,2,,,
ClassicGumtree,3,1,1132,3,0.1,,400,,,,,2,,,
ClassicGumtree,3,1,1045,3,0.1,,500,,,,,2,,,
ClassicGumtree,3,1,1087,3,0.1,,600,,,,,2,,,
ClassicGumtree,3,1,1001,3,0.1,,700,,,,,2,,,
ClassicGumtree,3,1,1067,3,0.1,,800,,,,,2,,,
ClassicGumtree,3,1,1061,3,0.1,,900,,,,,2,,,
ClassicGumtree,3,1,1012,3,0.1,,1000,,,,,2,,,
ClassicGumtree,3,1,1036,3,0.1,,1100,,,,,2,,,
ClassicGumtree,3,1,1023,3,0.1,,1200,,,,,2,,,
ClassicGumtree,3,1,1012,3,0.1,,1300,,,,,2,,,
ClassicGumtree,3,1,1018,3,0.1,,1400,,,,,2,,,
ClassicGumtree,3,1,1159,3,0.1,,1500,,,,,2,,,
ClassicGumtree,3,1,1127,3,0.1,,1600,,,,,2,,,
ClassicGumtree,3,1,1126,3,0.1,,1700,,,,,2,,,
ClassicGumtree,3,1,1117,3,0.1,,1800,,,,,2,,,
ClassicGumtree,3,1,1106,3,0.1,,1900,,,,,2,,,
ClassicGumtree,3,1,1073,3,0.1,,2000,,,,,2,,,
ClassicGumtree,249,85,2,3,0.1,,100,,,,,3,,,
ClassicGumtree,65,25,190,3,0.1,,200,,,,,3,,,
ClassicGumtree,3,1,1093,3,0.1,,300,,,,,3,,,
ClassicGumtree,3,1,1081,3,0.1,,400,,,,,3,,,
ClassicGumtree,3,1,1059,3,0.1,,500,,,,,3,,,
ClassicGumtree,3,1,1066,3,0.1,,600,,,,,3,,,
ClassicGumtree,3,1,1096,3,0.1,,700,,,,,3,,,
ClassicGumtree,3,1,1031,3,0.1,,800,,,,,3,,,
ClassicGumtree,3,1,1102,3,0.1,,900,,,,,3,,,
ClassicGumtree,3,1,1120,3,0.1,,1000,,,,,3,,,
ClassicGumtree,3,1,1132,3,0.1,,1100,,,,,3,,,
ClassicGumtree,3,1,1004,3,0.1,,1200,,,,,3,,,
ClassicGumtree,3,1,1121,3,0.1,,1300,,,,,3,,,
ClassicGumtree,3,1,1291,3,0.1,,1400,,,,,3,,,
ClassicGumtree,3,1,1082,3,0.1,,1500,,,,,3,,,
ClassicGumtree,3,1,1227,3,0.1,,1600,,,,,3,,,
ClassicGumtree,3,1,1767,3,0.1,,1700,,,,,3,,,
ClassicGumtree,3,1,1769,3,0.1,,1800,,,,,3,,,
ClassicGumtree,3,1,1573,3,0.1,,1900,,,,,3,,,
ClassicGumtree,3,1,1620,3,0.1,,2000,,,,,3,,,
ClassicGumtree,301,93,3,3,0.1,,100,,,,,4,,,
ClassicGumtree,75,27,252,3,0.1,,200,,,,,4,,,
ClassicGumtree,3,1,1767,3,0.1,,300,,,,,4,,,
ClassicGumtree,3,1,1754,3,0.1,,400,,,,,4,,,
ClassicGumtree,3,1,1861,3,0.1,,500,,,,,4,,,
ClassicGumtree,3,1,1779,3,0.1,,600,,,,,4,,,
ClassicGumtree,3,1,1699,3,0.1,,700,,,,,4,,,
ClassicGumtree,3,1,1816,3,0.1,,800,,,,,4,,,
ClassicGumtree,3,1,1625,3,0.1,,900,,,,,4,,,
ClassicGumtree,3,1,1573,3,0.1,,1000,,,,,4,,,
ClassicGumtree,3,1,1545,3,0.1,,1100,,,,,4,,,
ClassicGumtree,3,1,1508,3,0.1,,1200,,,,,4,,,
ClassicGumtree,3,1,1428,3,0.1,,1300,,,,,4,,,
ClassicGumtree,3,1,1426,3,0.1,,1400,,,,,4,,,
ClassicGumtree,3,1,1375,3,0.1,,1500,,,,,4,,,
ClassicGumtree,3,1,1333,3,0.1,,1600,,,,,4,,,
ClassicGumtree,3,1,1332,3,0.1,,1700,,,,,4,,,
ClassicGumtree,3,1,1275,3,0.1,,1800,,,,,4,,,
ClassicGumtree,3,1,951,3,0.1,,1900,,,,,4,,,
ClassicGumtree,3,1,963,3,0.1,,2000,,,,,4,,,
ClassicGumtree,333,97,2,3,0.1,,100,,,,,5,,,
ClassicGumtree,75,27,145,3,0.1,,200,,,,,5,,,
ClassicGumtree,3,1,966,3,0.1,,300,,,,,5,,,
ClassicGumtree,3,1,926,3,0.1,,400,,,,,5,,,
ClassicGumtree,3,1,943,3,0.1,,500,,,,,5,,,
ClassicGumtree,3,1,968,3,0.1,,600,,,,,5,,,
ClassicGumtree,3,1,949,3,0.1,,700,,,,,5,,,
ClassicGumtree,3,1,939,3,0.1,,800,,,,,5,,,
ClassicGumtree,3,1,946,3,0.1,,900,,,,,5,,,
ClassicGumtree,3,1,928,3,0.1,,1000,,,,,5,,,
ClassicGumtree,3,1,875,3,0.1,,1100,,,,,5,,,
ClassicGumtree,3,1,886,3,0.1,,1200,,,,,5,,,
ClassicGumtree,3,1,916,3,0.1,,1300,,,,,5,,,
ClassicGumtree,3,1,907,3,0.1,,1400,,,,,5,,,
ClassicGumtree,3,1,902,3,0.1,,1500,,,,,5,,,
ClassicGumtree,3,1,862,3,0.1,,1600,,,,,5,,,
ClassicGumtree,3,1,879,3,0.1,,1700,,,,,5,,,
ClassicGumtree,3,1,930,3,0.1,,1800,,,,,5,,,
ClassicGumtree,3,1,869,3,0.1,,1900,,,,,5,,,
ClassicGumtree,3,1,890,3,0.1,,2000,,,,,5,,,
ClassicGumtree,11,9,1,3,0.2,,100,,,,,1,,,
ClassicGumtree,9,7,131,3,0.2,,200,,,,,1,,,
ClassicGumtree,3,1,859,3,0.2,,300,,,,,1,,,
ClassicGumtree,3,1,838,3,0.2,,400,,,,,1,,,
ClassicGumtree,3,1,837,3,0.2,,500,,,,,1,,,
ClassicGumtree,3,1,845,3,0.2,,600,,,,,1,,,
ClassicGumtree,3,1,854,3,0.2,,700,,,,,1,,,
ClassicGumtree,3,1,808,3,0.2,,800,,,,,1,,,
ClassicGumtree,3,1,915,3,0.2,,900,,,,,1,,,
ClassicGumtree,3,1,862,3,0.2,,1000,,,,,1,,,
ClassicGumtree,3,1,842,3,0.2,,1100,,,,,1,,,
ClassicGumtree,3,1,871,3,0.2,,1200,,,,,1,,,
ClassicGumtree,3,1,880,3,0.2,,1300,,,,,1,,,
ClassicGumtree,3,1,882,3,0.2,,1400,,,,,1,,,
ClassicGumtree,3,1,881,3,0.2,,1500,,,,,1,,,
ClassicGumtree,3,1,884,3,0.2,,1600,,,,,1,,,
ClassicGumtree,3,1,903,3,0.2,,1700,,,,,1,,,
ClassicGumtree,3,1,908,3,0.2,,1800,,,,,1,,,
ClassicGumtree,3,1,855,3,0.2,,1900,,,,,1,,,
ClassicGumtree,3,1,868,3,0.2,,2000,,,,,1,,,
ClassicGumtree,181,71,2,3,0.2,,100,,,,,2,,,
ClassicGumtree,37,21,133,3,0.2,,200,,,,,2,,,
ClassicGumtree,3,1,872,3,0.2,,300,,,,,2,,,
ClassicGumtree,3,1,870,3,0.2,,400,,,,,2,,,
ClassicGumtree,3,1,866,3,0.2,,500,,,,,2,,,
ClassicGumtree,3,1,857,3,0.2,,600,,,,,2,,,
ClassicGumtree,3,1,914,3,0.2,,700,,,,,2,,,
ClassicGumtree,3,1,871,3,0.2,,800,,,,,2,,,
ClassicGumtree,3,1,879,3,0.2,,900,,,,,2,,,
ClassicGumtree,3,1,894,3,0.2,,1000,,,,,2,,,
ClassicGumtree,3,1,881,3,0.2,,1100,,,,,2,,,
ClassicGumtree,3,1,907,3,0.2,,1200,,,,,2,,,
ClassicGumtree,3,1,867,3,0.2,,1300,,,,,2,,,
ClassicGumtree,3,1,883,3,0.2,,1400,,,,,2,,,
ClassicGumtree,3,1,880,3,0.2,,1500,,,,,2,,,
ClassicGumtree,3,1,887,3,0.2,,1600,,,,,2,,,
ClassicGumtree,3,1,828,3,0.2,,1700,,,,,2,,,
ClassicGumtree,3,1,888,3,0.2,,1800,,,,,2,,,
ClassicGumtree,3,1,819,3,0.2,,1900,,,,,2,,,
ClassicGumtree,3,1,916,3,0.2,,2000,,,,,2,,,
ClassicGumtree,249,85,15,3,0.2,,100,,,,,3,,,
ClassicGumtree,65,25,134,3,0.2,,200,,,,,3,,,
ClassicGumtree,3,1,935,3,0.2,,300,,,,,3,,,
ClassicGumtree,3,1,895,3,0.2,,400,,,,,3,,,
ClassicGumtree,3,1,936,3,0.2,,500,,,,,3,,,
ClassicGumtree,3,1,945,3,0.2,,600,,,,,3,,,
ClassicGumtree,3,1,996,3,0.2,,700,,,,,3,,,
ClassicGumtree,3,1,989,3,0.2,,800,,,,,3,,,
ClassicGumtree,3,1,1008,3,0.2,,900,,,,,3,,,
ClassicGumtree,3,1,1021,3,0.2,,1000,,,,,3,,,
ClassicGumtree,3,1,980,3,0.2,,1100,,,,,3,,,
ClassicGumtree,3,1,936,3,0.2,,1200,,,,,3,,,
ClassicGumtree,3,1,992,3,0.2,,1300,,,,,3,,,
ClassicGumtree,3,1,897,3,0.2,,1400,,,,,3,,,
ClassicGumtree,3,1,966,3,0.2,,1500,,,,,3,,,
ClassicGumtree,3,1,993,3,0.2,,1600,,,,,3,,,
ClassicGumtree,3,1,984,3,0.2,,1700,,,,,3,,,
ClassicGumtree,3,1,989,3,0.2,,1800,,,,,3,,,
ClassicGumtree,3,1,983,3,0.2,,1900,,,,,3,,,
ClassicGumtree,3,1,995,3,0.2,,2000,,,,,3,,,
ClassicGumtree,301,93,2,3,0.2,,100,,,,,4,,,
ClassicGumtree,75,27,101,3,0.2,,200,,,,,4,,,
ClassicGumtree,3,1,981,3,0.2,,300,,,,,4,,,
ClassicGumtree,3,1,988,3,0.2,,400,,,,,4,,,
ClassicGumtree,3,1,981,3,0.2,,500,,,,,4,,,
ClassicGumtree,3,1,959,3,0.2,,600,,,,,4,,,
ClassicGumtree,3,1,947,3,0.2,,700,,,,,4,,,
ClassicGumtree,3,1,954,3,0.2,,800,,,,,4,,,
ClassicGumtree,3,1,971,3,0.2,,900,,,,,4,,,
ClassicGumtree,3,1,1030,3,0.2,,1000,,,,,4,,,
ClassicGumtree,3,1,973,3,0.2,,1100,,,,,4,,,
ClassicGumtree,3,1,1071,3,0.2,,1200,,,,,4,,,
ClassicGumtree,3,1,1097,3,0.2,,1300,,,,,4,,,
ClassicGumtree,3,1,1072,3,0.2,,1400,,,,,4,,,
ClassicGumtree,3,1,1078,3,0.2,,1500,,,,,4,,,
ClassicGumtree,3,1,1067,3,0.2,,1600,,,,,4,,,
ClassicGumtree,3,1,1078,3,0.2,,1700,,,,,4,,,
ClassicGumtree,3,1,1080,3,0.2,,1800,,,,,4,,,
ClassicGumtree,3,1,1168,3,0.2,,1900,,,,,4,,,
ClassicGumtree,3,1,1232,3,0.2,,2000,,,,,4,,,
ClassicGumtree,333,97,15,3,0.2,,100,,,,,5,,,
ClassicGumtree,75,27,134,3,0.2,,200,,,,,5,,,
ClassicGumtree,3,1,1161,3,0.2,,300,,,,,5,,,
ClassicGumtree,3,1,1181,3,0.2,,400,,,,,5,,,
ClassicGumtree,3,1,1188,3,0.2,,500,,,,,5,,,
ClassicGumtree,3,1,1185,3,0.2,,600,,,,,5,,,
ClassicGumtree,3,1,1159,3,0.2,,700,,,,,5,,,
ClassicGumtree,3,1,1191,3,0.2,,800,,,,,5,,,
ClassicGumtree,3,1,1147,3,0.2,,900,,,,,5,,,
ClassicGumtree,3,1,1174,3,0.2,,1000,,,,,5,,,
ClassicGumtree,3,1,1133,3,0.2,,1100,,,,,5,,,
ClassicGumtree,3,1,1097,3,0.2,,1200,,,,,5,,,
ClassicGumtree,3,1,1093,3,0.2,,1300,,,,,5,,,
ClassicGumtree,3,1,1112,3,0.2,,1400,,,,,5,,,
ClassicGumtree,3,1,1140,3,0.2,,1500,,,,,5,,,
ClassicGumtree,3,1,1097,3,0.2,,1600,,,,,5,,,
ClassicGumtree,3,1,1125,3,0.2,,1700,,,,,5,,,
ClassicGumtree,3,1,1087,3,0.2,,1800,,,,,5,,,
ClassicGumtree,3,1,1176,3,0.2,,1900,,,,,5,,,
ClassicGumtree,3,1,1171,3,0.2,,2000,,,,,5,,,
ClassicGumtree,11,9,1,3,0.3,,100,,,,,1,,,
ClassicGumtree,9,7,154,3,0.3,,200,,,,,1,,,
ClassicGumtree,3,1,1064,3,0.3,,300,,,,,1,,,
ClassicGumtree,3,1,1044,3,0.3,,400,,,,,1,,,
ClassicGumtree,3,1,1104,3,0.3,,500,,,,,1,,,
ClassicGumtree,3,1,1069,3,0.3,,600,,,,,1,,,
ClassicGumtree,3,1,1030,3,0.3,,700,,,,,1,,,
ClassicGumtree,3,1,1085,3,0.3,,800,,,,,1,,,
ClassicGumtree,3,1,1053,3,0.3,,900,,,,,1,,,
ClassicGumtree,3,1,1063,3,0.3,,1000,,,,,1,,,
ClassicGumtree,3,1,998,3,0.3,,1100,,,,,1,,,
ClassicGumtree,3,1,970,3,0.3,,1200,,,,,1,,,
ClassicGumtree,3,1,1020,3,0.3,,1300,,,,,1,,,
ClassicGumtree,3,1,1003,3,0.3,,1400,,,,,1,,,
ClassicGumtree,3,1,977,3,0.3,,1500,,,,,1,,,
ClassicGumtree,3,1,999,3,0.3,,1600,,,,,1,,,
ClassicGumtree,3,1,1002,3,0.3,,1700,,,,,1,,,
ClassicGumtree,3,1,1037,3,0.3,,1800,,,,,1,,,
ClassicGumtree,3,1,1026,3,0.3,,1900,,,,,1,,,
ClassicGumtree,3,1,1007,3,0.3,,2000,,,,,1,,,
ClassicGumtree,181,71,1,3,0.3,,100,,,,,2,,,
ClassicGumtree,37,21,139,3,0.3,,200,,,,,2,,,
ClassicGumtree,3,1,1000,3,0.3,,300,,,,,2,,,
ClassicGumtree,3,1,999,3,0.3,,400,,,,,2,,,
ClassicGumtree,3,1,1075,3,0.3,,500,,,,,2,,,
ClassicGumtree,3,1,1241,3,0.3,,600,,,,,2,,,
ClassicGumtree,3,1,1028,3,0.3,,700,,,,,2,,,
ClassicGumtree,3,1,1224,3,0.3,,800,,,,,2,,,
ClassicGumtree,3,1,1281,3,0.3,,900,,,,,2,,,
ClassicGumtree,3,1,1227,3,0.3,,1000,,,,,2,,,
ClassicGumtree,3,1,1290,3,0.3,,1100,,,,,2,,,
ClassicGumtree,3,1,1247,3,0.3,,1200,,,,,2,,,
ClassicGumtree,3,1,1126,3,0.3,,1300,,,,,2,,,
ClassicGumtree,3,1,1295,3,0.3,,1400,,,,,2,,,
ClassicGumtree,3,1,1261,3,0.3,,1500,,,,,2,,,
ClassicGumtree,3,1,1308,3,0.3,,1600,,,,,2,,,
ClassicGumtree,3,1,1159,3,0.3,,1700,,,,,2,,,
ClassicGumtree,3,1,1072,3,0.3,,1800,,,,,2,,,
ClassicGumtree,3,1,1097,3,0.3,,1900,,,,,2,,,
ClassicGumtree,3,1,1079,3,0.3,,2000,,,,,2,,,
ClassicGumtree,249,85,2,3,0.3,,100,,,,,3,,,
ClassicGumtree,65,25,190,3,0.3,,200,,,,,3,,,
ClassicGumtree,3,1,1077,3,0.3,,300,,,,,3,,,
ClassicGumtree,3,1,1121,3,0.3,,400,,,,,3,,,
ClassicGumtree,3,1,1067,3,0.3,,500,,,,,3,,,
ClassicGumtree,3,1,1070,3,0.3,,600,,,,,3,,,
ClassicGumtree,3,1,907,3,0.3,,700,,,,,3,,,
ClassicGumtree,3,1,930,3,0.3,,800,,,,,3,,,
ClassicGumtree,3,1,925,3,0.3,,900,,,,,3,,,
ClassicGumtree,3,1,1026,3,0.3,,1000,,,,,3,,,
ClassicGumtree,3,1,1035,3,0.3,,1100,,,,,3,,,
ClassicGumtree,3,1,1084,3,0.3,,1200,,,,,3,,,
ClassicGumtree,3,1,1015,3,0.3,,1300,,,,,3,,,
ClassicGumtree,3,1,1048,3,0.3,,1400,,,,,3,,,
ClassicGumtree,3,1,1061,3,0.3,,1500,,,,,3,,,
ClassicGumtree,3,1,1040,3,0.3,,1600,,,,,3,,,
ClassicGumtree,3,1,1041,3,0.3,,1700,,,,,3,,,
ClassicGumtree,3,1,1043,3,0.3,,1800,,,,,3,,,
ClassicGumtree,3,1,1032,3,0.3,,1900,,,,,3,,,
ClassicGumtree,3,1,920,3,0.3,,2000,,,,,3,,,
ClassicGumtree,301,93,1,3,0.3,,100,,,,,4,,,
ClassicGumtree,75,27,126,3,0.3,,200,,,,,4,,,
ClassicGumtree,3,1,902,3,0.3,,300,,,,,4,,,
ClassicGumtree,3,1,914,3,0.3,,400,,,,,4,,,
ClassicGumtree,3,1,881,3,0.3,,500,,,,,4,,,
ClassicGumtree,3,1,910,3,0.3,,600,,,,,4,,,
ClassicGumtree,3,1,922,3,0.3,,700,,,,,4,,,
ClassicGumtree,3,1,880,3,0.3,,800,,,,,4,,,
ClassicGumtree,3,1,906,3,0.3,,900,,,,,4,,,
ClassicGumtree,3,1,909,3,0.3,,1000,,,,,4,,,
ClassicGumtree,3,1,917,3,0.3,,1100,,,,,4,,,
ClassicGumtree,3,1,875,3,0.3,,1200,,,,,4,,,
ClassicGumtree,3,1,928,3,0.3,,1300,,,,,4,,,
ClassicGumtree,3,1,967,3,0.3,,1400,,,,,4,,,
ClassicGumtree,3,1,994,3,0.3,,1500,,,,,4,,,
ClassicGumtree,3,1,943,3,0.3,,1600,,,,,4,,,
ClassicGumtree,3,1,962,3,0.3,,1700,,,,,4,,,
ClassicGumtree,3,1,973,3,0.3,,1800,,,,,4,,,
ClassicGumtree,3,1,1014,3,0.3,,1900,,,,,4,,,
ClassicGumtree,3,1,1113,3,0.3,,2000,,,,,4,,,
ClassicGumtree,340,11,48,3,0.3,,100,,,,,5,,,
ClassicGumtree,340,11,2,3,0.3,,200,,,,,5,,,
ClassicGumtree,3,1,717,3,0.3,,300,,,,,5,,,
ClassicGumtree,3,1,703,3,0.3,,400,,,,,5,,,
ClassicGumtree,3,1,699,3,0.3,,500,,,,,5,,,
ClassicGumtree,3,1,650,3,0.3,,600,,,,,5,,,
ClassicGumtree,3,1,711,3,0.3,,700,,,,,5,,,
ClassicGumtree,3,1,684,3,0.3,,800,,,,,5,,,
ClassicGumtree,3,1,816,3,0.3,,900,,,,,5,,,
ClassicGumtree,3,1,783,3,0.3,,1000,,,,,5,,,
ClassicGumtree,3,1,844,3,0.3,,1100,,,,,5,,,
ClassicGumtree,3,1,777,3,0.3,,1200,,,,,5,,,
ClassicGumtree,3,1,929,3,0.3,,1300,,,,,5,,,
ClassicGumtree,3,1,872,3,0.3,,1400,,,,,5,,,
ClassicGumtree,3,1,942,3,0.3,,1500,,,,,5,,,
ClassicGumtree,3,1,937,3,0.3,,1600,,,,,5,,,
ClassicGumtree,3,1,906,3,0.3,,1700,,,,,5,,,
ClassicGumtree,3,1,811,3,0.3,,1800,,,,,5,,,
ClassicGumtree,3,1,777,3,0.3,,1900,,,,,5,,,
ClassicGumtree,3,1,829,3,0.3,,2000,,,,,5,,,
ClassicGumtree,11,9,1,3,0.4,,100,,,,,1,,,
ClassicGumtree,9,7,150,3,0.4,,200,,,,,1,,,
ClassicGumtree,3,1,1094,3,0.4,,300,,,,,1,,,
ClassicGumtree,3,1,1092,3,0.4,,400,,,,,1,,,
ClassicGumtree,3,1,1095,3,0.4,,500,,,,,1,,,
ClassicGumtree,3,1,1066,3,0.4,,600,,,,,1,,,
ClassicGumtree,3,1,1056,3,0.4,,700,,,,,1,,,
ClassicGumtree,3,1,1023,3,0.4,,800,,,,,1,,,
ClassicGumtree,3,1,1001,3,0.4,,900,,,,,1,,,
ClassicGumtree,3,1,1060,3,0.4,,1000,,,,,1,,,
ClassicGumtree,3,1,1032,3,0.4,,1100,,,,,1,,,
ClassicGumtree,3,1,983,3,0.4,,1200,,,,,1,,,
ClassicGumtree,3,1,1366,3,0.4,,1300,,,,,1,,,
ClassicGumtree,3,1,1399,3,0.4,,1400,,,,,1,,,
ClassicGumtree,3,1,1412,3,0.4,,1500,,,,,1,,,
ClassicGumtree,3,1,1351,3,0.4,,1600,,,,,1,,,
ClassicGumtree,3,1,1358,3,0.4,,1700,,,,,1,,,
ClassicGumtree,3,1,1459,3,0.4,,1800,,,,,1,,,
ClassicGumtree,3,1,1473,3,0.4,,1900,,,,,1,,,
ClassicGumtree,3,1,1454,3,0.4,,2000,,,,,1,,,
ClassicGumtree,181,71,1,3,0.4,,100,,,,,2,,,
ClassicGumtree,37,21,340,3,0.4,,200,,,,,2,,,
ClassicGumtree,3,1,1558,3,0.4,,300,,,,,2,,,
ClassicGumtree,3,1,1424,3,0.4,,400,,,,,2,,,
ClassicGumtree,3,1,1243,3,0.4,,500,,,,,2,,,
ClassicGumtree,3,1,1184,3,0.4,,600,,,,,2,,,
ClassicGumtree,3,1,1207,3,0.4,,700,,,,,2,,,
ClassicGumtree,3,1,1222,3,0.4,,800,,,,,2,,,
ClassicGumtree,3,1,1202,3,0.4,,900,,,,,2,,,
ClassicGumtree,3,1,1106,3,0.4,,1000,,,,,2,,,
ClassicGumtree,3,1,1080,3,0.4,,1100,,,,,2,,,
ClassicGumtree,3,1,1162,3,0.4,,1200,,,,,2,,,
ClassicGumtree,3,1,1087,3,0.4,,1300,,,,,2,,,
ClassicGumtree,3,1,1064,3,0.4,,1400,,,,,2,,,
ClassicGumtree,3,1,1038,3,0.4,,1500,,,,,2,,,
ClassicGumtree,3,1,1078,3,0.4,,1600,,,,,2,,,
ClassicGumtree,3,1,1150,3,0.4,,1700,,,,,2,,,
ClassicGumtree,3,1,1085,3,0.4,,1800,,,,,2,,,
ClassicGumtree,3,1,1111,3,0.4,,1900,,,,,2,,,
ClassicGumtree,3,1,1085,3,0.4,,2000,,,,,2,,,
ClassicGumtree,249,85,1,3,0.4,,100,,,,,3,,,
ClassicGumtree,65,25,170,3,0.4,,200,,,,,3,,,
ClassicGumtree,3,1,1064,3,0.4,,300,,,,,3,,,
ClassicGumtree,3,1,1057,3,0.4,,400,,,,,3,,,
ClassicGumtree,3,1,1114,3,0.4,,500,,,,,3,,,
ClassicGumtree,3,1,1092,3,0.4,,600,,,,,3,,,
ClassicGumtree,3,1,1216,3,0.4,,700,,,,,3,,,
ClassicGumtree,3,1,1251,3,0.4,,800,,,,,3,,,
ClassicGumtree,3,1,1243,3,0.4,,900,,,,,3,,,
ClassicGumtree,3,1,1199,3,0.4,,1000,,,,,3,,,
ClassicGumtree,3,1,1178,3,0.4,,1100,,,,,3,,,
ClassicGumtree,3,1,1273,3,0.4,,1200,,,,,3,,,
ClassicGumtree,3,1,1352,3,0.4,,1300,,,,,3,,,
ClassicGumtree,3,1,1325,3,0.4,,1400,,,,,3,,,
ClassicGumtree,3,1,1345,3,0.4,,1500,,,,,3,,,
ClassicGumtree,3,1,1445,3,0.4,,1600,,,,,3,,,
ClassicGumtree,3,1,1507,3,0.4,,1700,,,,,3,,,
ClassicGumtree,3,1,1424,3,0.4,,1800,,,,,3,,,
ClassicGumtree,3,1,1468,3,0.4,,1900,,,,,3,,,
ClassicGumtree,3,1,1500,3,0.4,,2000,,,,,3,,,
ClassicGumtree,310,13,1,3,0.4,,100,,,,,4,,,
ClassicGumtree,310,13,1,3,0.4,,200,,,,,4,,,
ClassicGumtree,3,1,1016,3,0.4,,300,,,,,4,,,
ClassicGumtree,3,1,960,3,0.4,,400,,,,,4,,,
ClassicGumtree,3,1,950,3,0.4,,500,,,,,4,,,
ClassicGumtree,3,1,971,3,0.4,,600,,,,,4,,,
ClassicGumtree,3,1,947,3,0.4,,700,,,,,4,,,
ClassicGumtree,3,1,967,3,0.4,,800,,,,,4,,,
ClassicGumtree,3,1,1038,3,0.4,,900,,,,,4,,,
ClassicGumtree,3,1,1022,3,0.4,,1000,,,,,4,,,
ClassicGumtree,3,1,1008,3,0.4,,1100,,,,,4,,,
ClassicGumtree,3,1,1134,3,0.4,,1200,,,,,4,,,
ClassicGumtree,3,1,1025,3,0.4,,1300,,,,,4,,,
ClassicGumtree,3,1,1219,3,0.4,,1400,,,,,4,,,
ClassicGumtree,3,1,1191,3,0.4,,1500,,,,,4,,,
ClassicGumtree,3,1,1168,3,0.4,,1600,,,,,4,,,
ClassicGumtree,3,1,1116,3,0.4,,1700,,,,,4,,,
ClassicGumtree,3,1,1161,3,0.4,,1800,,,,,4,,,
ClassicGumtree,3,1,1099,3,0.4,,1900,,,,,4,,,
ClassicGumtree,3,1,987,3,0.4,,2000,,,,,4,,,
ClassicGumtree,343,6,4,3,0.4,,100,,,,,5,,,
ClassicGumtree,343,6,59,3,0.4,,200,,,,,5,,,
ClassicGumtree,3,1,576,3,0.4,,300,,,,,5,,,
ClassicGumtree,3,1,567,3,0.4,,400,,,,,5,,,
ClassicGumtree,3,1,529,3,0.4,,500,,,,,5,,,
ClassicGumtree,3,1,421,3,0.4,,600,,,,,5,,,
ClassicGumtree,3,1,345,3,0.4,,700,,,,,5,,,
ClassicGumtree,3,1,386,3,0.4,,800,,,,,5,,,
ClassicGumtree,3,1,423,3,0.4,,900,,,,,5,,,
ClassicGumtree,3,1,479,3,0.4,,1000,,,,,5,,,
ClassicGumtree,3,1,426,3,0.4,,1100,,,,,5,,,
ClassicGumtree,3,1,423,3,0.4,,1200,,,,,5,,,
ClassicGumtree,3,1,564,3,0.4,,1300,,,,,5,,,
ClassicGumtree,3,1,550,3,0.4,,1400,,,,,5,,,
ClassicGumtree,3,1,534,3,0.4,,1500,,,,,5,,,
ClassicGumtree,3,1,546,3,0.4,,1600,,,,,5,,,
ClassicGumtree,3,1,496,3,0.4,,1700,,,,,5,,,
ClassicGumtree,3,1,588,3,0.4,,1800,,,,,5,,,
ClassicGumtree,3,1,523,3,0.4,,1900,,,,,5,,,
ClassicGumtree,3,1,479,3,0.4,,2000,,,,,5,,,
ClassicGumtree,11,9,1,3,0.5,,100,,,,,1,,,
ClassicGumtree,9,7,231,3,0.5,,200,,,,,1,,,
ClassicGumtree,3,1,1310,3,0.5,,300,,,,,1,,,
ClassicGumtree,3,1,1232,3,0.5,,400,,,,,1,,,
ClassicGumtree,3,1,1223,3,0.5,,500,,,,,1,,,
ClassicGumtree,3,1,1250,3,0.5,,600,,,,,1,,,
ClassicGumtree,3,1,1225,3,0.5,,700,,,,,1,,,
ClassicGumtree,3,1,1222,3,0.5,,800,,,,,1,,,
ClassicGumtree,3,1,1208,3,0.5,,900,,,,,1,,,
ClassicGumtree,3,1,1157,3,0.5,,1000,,,,,1,,,
ClassicGumtree,3,1,1163,3,0.5,,1100,,,,,1,,,
ClassicGumtree,3,1,1144,3,0.5,,1200,,,,,1,,,
ClassicGumtree,3,1,992,3,0.5,,1300,,,,,1,,,
ClassicGumtree,3,1,995,3,0.5,,1400,,,,,1,,,
ClassicGumtree,3,1,966,3,0.5,,1500,,,,,1,,,
ClassicGumtree,3,1,961,3,0.5,,1600,,,,,1,,,
ClassicGumtree,3,1,924,3,0.5,,1700,,,,,1,,,
ClassicGumtree,3,1,956,3,0.5,,1800,,,,,1,,,
ClassicGumtree,3,1,970,3,0.5,,1900,,,,,1,,,
ClassicGumtree,3,1,970,3,0.5,,2000,,,,,1,,,
ClassicGumtree,181,71,35,3,0.5,,100,,,,,2,,,
ClassicGumtree,37,21,157,3,0.5,,200,,,,,2,,,
ClassicGumtree,3,1,953,3,0.5,,300,,,,,2,,,
ClassicGumtree,3,1,936,3,0.5,,400,,,,,2,,,
ClassicGumtree,3,1,943,3,0.5,,500,,,,,2,,,
ClassicGumtree,3,1,954,3,0.5,,600,,,,,2,,,
ClassicGumtree,3,1,970,3,0.5,,700,,,,,2,,,
ClassicGumtree,3,1,946,3,0.5,,800,,,,,2,,,
ClassicGumtree,3,1,931,3,0.5,,900,,,,,2,,,
ClassicGumtree,3,1,975,3,0.5,,1000,,,,,2,,,
ClassicGumtree,3,1,965,3,0.5,,1100,,,,,2,,,
ClassicGumtree,3,1,940,3,0.5,,1200,,,,,2,,,
ClassicGumtree,3,1,923,3,0.5,,1300,,,,,2,,,
ClassicGumtree,3,1,915,3,0.5,,1400,,,,,2,,,
ClassicGumtree,3,1,930,3,0.5,,1500,,,,,2,,,
ClassicGumtree,3,1,916,3,0.5,,1600,,,,,2,,,
ClassicGumtree,3,1,869,3,0.5,,1700,,,,,2,,,
ClassicGumtree,3,1,905,3,0.5,,1800,,,,,2,,,
ClassicGumtree,3,1,902,3,0.5,,1900,,,,,2,,,
ClassicGumtree,3,1,870,3,0.5,,2000,,,,,2,,,
ClassicGumtree,262,17,2,3,0.5,,100,,,,,3,,,
ClassicGumtree,262,17,1,3,0.5,,200,,,,,3,,,
ClassicGumtree,3,1,606,3,0.5,,300,,,,,3,,,
ClassicGumtree,3,1,611,3,0.5,,400,,,,,3,,,
ClassicGumtree,3,1,610,3,0.5,,500,,,,,3,,,
ClassicGumtree,3,1,598,3,0.5,,600,,,,,3,,,
ClassicGumtree,3,1,586,3,0.5,,700,,,,,3,,,
ClassicGumtree,3,1,641,3,0.5,,800,,,,,3,,,
ClassicGumtree,3,1,639,3,0.5,,900,,,,,3,,,
ClassicGumtree,3,1,653,3,0.5,,1000,,,,,3,,,
ClassicGumtree,3,1,629,3,0.5,,1100,,,,,3,,,
ClassicGumtree,3,1,659,3,0.5,,1200,,,,,3,,,
ClassicGumtree,3,1,587,3,0.5,,1300,,,,,3,,,
ClassicGumtree,3,1,607,3,0.5,,1400,,,,,3,,,
ClassicGumtree,3,1,639,3,0.5,,1500,,,,,3,,,
ClassicGumtree,3,1,627,3,0.5,,1600,,,,,3,,,
ClassicGumtree,3,1,623,3,0.5,,1700,,,,,3,,,
ClassicGumtree,3,1,617,3,0.5,,1800,,,,,3,,,
ClassicGumtree,3,1,613,3,0.5,,1900,,,,,3,,,
ClassicGumtree,3,1,666,3,0.5,,2000,,,,,3,,,
ClassicGumtree,313,8,2,3,0.5,,100,,,,,4,,,
ClassicGumtree,313,8,1,3,0.5,,200,,,,,4,,,
ClassicGumtree,3,1,312,3,0.5,,300,,,,,4,,,
ClassicGumtree,3,1,330,3,0.5,,400,,,,,4,,,
ClassicGumtree,3,1,315,3,0.5,,500,,,,,4,,,
ClassicGumtree,3,1,319,3,0.5,,600,,,,,4,,,
ClassicGumtree,3,1,300,3,0.5,,700,,,,,4,,,
ClassicGumtree,3,1,298,3,0.5,,800,,,,,4,,,
ClassicGumtree,3,1,333,3,0.5,,900,,,,,4,,,
ClassicGumtree,3,1,344,3,0.5,,1000,,,,,4,,,
ClassicGumtree,3,1,337,3,0.5,,1100,,,,,4,,,
ClassicGumtree,3,1,334,3,0.5,,1200,,,,,4,,,
ClassicGumtree,3,1,355,3,0.5,,1300,,,,,4,,,
ClassicGumtree,3,1,361,3,0.5,,1400,,,,,4,,,
ClassicGumtree,3,1,339,3,0.5,,1500,,,,,4,,,
ClassicGumtree,3,1,356,3,0.5,,1600,,,,,4,,,
ClassicGumtree,3,1,351,3,0.5,,1700,,,,,4,,,
ClassicGumtree,3,1,300,3,0.5,,1800,,,,,4,,,
ClassicGumtree,3,1,285,3,0.5,,1900,,,,,4,,,
ClassicGumtree,3,1,441,3,0.5,,2000,,,,,4,,,
ClassicGumtree,343,6,1,3,0.5,,100,,,,,5,,,
ClassicGumtree,343,6,2,3,0.5,,200,,,,,5,,,
ClassicGumtree,3,1,274,3,0.5,,300,,,,,5,,,
ClassicGumtree,3,1,459,3,0.5,,400,,,,,5,,,
ClassicGumtree,3,1,414,3,0.5,,500,,,,,5,,,
ClassicGumtree,3,1,292,3,0.5,,600,,,,,5,,,
ClassicGumtree,3,1,483,3,0.5,,700,,,,,5,,,
ClassicGumtree,3,1,478,3,0.5,,800,,,,,5,,,
ClassicGumtree,3,1,534,3,0.5,,900,,,,,5,,,
ClassicGumtree,3,1,590,3,0.5,,1000,,,,,5,,,
ClassicGumtree,3,1,585,3,0.5,,1100,,,,,5,,,
ClassicGumtree,3,1,615,3,0.5,,1200,,,,,5,,,
ClassicGumtree,3,1,597,3,0.5,,1300,,,,,5,,,
ClassicGumtree,3,1,478,3,0.5,,1400,,,,,5,,,
ClassicGumtree,3,1,491,3,0.5,,1500,,,,,5,,,
ClassicGumtree,3,1,478,3,0.5,,1600,,,,,5,,,
ClassicGumtree,3,1,428,3,0.5,,1700,,,,,5,,,
ClassicGumtree,3,1,422,3,0.5,,1800,,,,,5,,,
ClassicGumtree,3,1,383,3,0.5,,1900,,,,,5,,,
ClassicGumtree,3,1,453,3,0.5,,2000,,,,,5,,,
ClassicGumtree,11,9,13,3,0.6,,100,,,,,1,,,
ClassicGumtree,9,7,132,3,0.6,,200,,,,,1,,,
ClassicGumtree,3,1,1161,3,0.6,,300,,,,,1,,,
ClassicGumtree,3,1,1210,3,0.6,,400,,,,,1,,,
ClassicGumtree,3,1,1027,3,0.6,,500,,,,,1,,,
ClassicGumtree,3,1,1219,3,0.6,,600,,,,,1,,,
ClassicGumtree,3,1,1161,3,0.6,,700,,,,,1,,,
ClassicGumtree,3,1,1119,3,0.6,,800,,,,,1,,,
ClassicGumtree,3,1,1228,3,0.6,,900,,,,,1,,,
ClassicGumtree,3,1,1161,3,0.6,,1000,,,,,1,,,
ClassicGumtree,3,1,1245,3,0.6,,1100,,,,,1,,,
ClassicGumtree,3,1,1218,3,0.6,,1200,,,,,1,,,
ClassicGumtree,3,1,1156,3,0.6,,1300,,,,,1,,,
ClassicGumtree,3,1,1062,3,0.6,,1400,,,,,1,,,
ClassicGumtree,3,1,1190,3,0.6,,1500,,,,,1,,,
ClassicGumtree,3,1,1110,3,0.6,,1600,,,,,1,,,
ClassicGumtree,3,1,1154,3,0.6,,1700,,,,,1,,,
ClassicGumtree,3,1,1163,3,0.6,,1800,,,,,1,,,
ClassicGumtree,3,1,1214,3,0.6,,1900,,,,,1,,,
ClassicGumtree,3,1,1134,3,0.6,,2000,,,,,1,,,
ClassicGumtree,200,21,2,3,0.6,,100,,,,,2,,,
ClassicGumtree,200,21,64,3,0.6,,200,,,,,2,,,
ClassicGumtree,3,1,680,3,0.6,,300,,,,,2,,,
ClassicGumtree,3,1,729,3,0.6,,400,,,,,2,,,
ClassicGumtree,3,1,722,3,0.6,,500,,,,,2,,,
ClassicGumtree,3,1,735,3,0.6,,600,,,,,2,,,
ClassicGumtree,3,1,755,3,0.6,,700,,,,,2,,,
ClassicGumtree,3,1,687,3,0.6,,800,,,,,2,,,
ClassicGumtree,3,1,667,3,0.6,,900,,,,,2,,,
ClassicGumtree,3,1,645,3,0.6,,1000,,,,,2,,,
ClassicGumtree,3,1,713,3,0.6,,1100,,,,,2,,,
ClassicGumtree,3,1,644,3,0.6,,1200,,,,,2,,,
ClassicGumtree,3,1,660,3,0.6,,1300,,,,,2,,,
ClassicGumtree,3,1,623,3,0.6,,1400,,,,,2,,,
ClassicGumtree,3,1,698,3,0.6,,1500,,,,,2,,,
ClassicGumtree,3,1,640,3,0.6,,1600,,,,,2,,,
ClassicGumtree,3,1,663,3,0.6,,1700,,,,,2,,,
ClassicGumtree,3,1,696,3,0.6,,1800,,,,,2,,,
ClassicGumtree,3,1,685,3,0.6,,1900,,,,,2,,,
ClassicGumtree,3,1,652,3,0.6,,2000,,,,,2,,,
ClassicGumtree,265,12,1,3,0.6,,100,,,,,3,,,
ClassicGumtree,265,12,16,3,0.6,,200,,,,,3,,,
ClassicGumtree,3,1,301,3,0.6,,300,,,,,3,,,
ClassicGumtree,3,1,227,3,0.6,,400,,,,,3,,,
ClassicGumtree,3,1,285,3,0.6,,500,,,,,3,,,
ClassicGumtree,3,1,342,3,0.6,,600,,,,,3,,,
ClassicGumtree,3,1,397,3,0.6,,700,,,,,3,,,
ClassicGumtree,3,1,364,3,0.6,,800,,,,,3,,,
ClassicGumtree,3,1,417,3,0.6,,900,,,,,3,,,
ClassicGumtree,3,1,349,3,0.6,,1000,,,,,3,,,
ClassicGumtree,3,1,361,3,0.6,,1100,,,,,3,,,
ClassicGumtree,3,1,343,3,0.6,,1200,,,,,3,,,
ClassicGumtree,3,1,362,3,0.6,,1300,,,,,3,,,
ClassicGumtree,3,1,372,3,0.6,,1400,,,,,3,,,
ClassicGumtree,3,1,330,3,0.6,,1500,,,,,3,,,
ClassicGumtree,3,1,317,3,0.6,,1600,,,,,3,,,
ClassicGumtree,3,1,354,3,0.6,,1700,,,,,3,,,
ClassicGumtree,3,1,371,3,0.6,,1800,,,,,3,,,
ClassicGumtree,3,1,313,3,0.6,,1900,,,,,3,,,
ClassicGumtree,3,1,334,3,0.6,,2000,,,,,3,,,
ClassicGumtree,313,8,2,3,0.6,,100,,,,,4,,,
ClassicGumtree,313,8,22,3,0.6,,200,,,,,4,,,
ClassicGumtree,3,1,314,3,0.6,,300,,,,,4,,,
ClassicGumtree,3,1,314,3,0.6,,400,,,,,4,,,
ClassicGumtree,3,1,343,3,0.6,,500,,,,,4,,,
ClassicGumtree,3,1,319,3,0.6,,600,,,,,4,,,
ClassicGumtree,3,1,344,3,0.6,,700,,,,,4,,,
ClassicGumtree,3,1,350,3,0.6,,800,,,,,4,,,
ClassicGumtree,3,1,316,3,0.6,,900,,,,,4,,,
ClassicGumtree,3,1,308,3,0.6,,1000,,,,,4,,,
ClassicGumtree,3,1,308,3,0.6,,1100,,,,,4,,,
ClassicGumtree,3,1,320,3,0.6,,1200,,,,,4,,,
ClassicGumtree,3,1,340,3,0.6,,1300,,,,,4,,,
ClassicGumtree,3,1,361,3,0.6,,1400,,,,,4,,,
ClassicGumtree,3,1,339,3,0.6,,1500,,,,,4,,,
ClassicGumtree,3,1,326,3,0.6,,1600,,,,,4,,,
ClassicGumtree,3,1,359,3,0.6,,1700,,,,,4,,,
ClassicGumtree,3,1,357,3,0.6,,1800,,,,,4,,,
ClassicGumtree,3,1,362,3,0.6,,1900,,,,,4,,,
ClassicGumtree,3,1,354,3,0.6,,2000,,,,,4,,,
ClassicGumtree,343,6,1,3,0.6,,100,,,,,5,,,
ClassicGumtree,343,6,1,3,0.6,,200,,,,,5,,,
ClassicGumtree,3,1,373,3,0.6,,300,,,,,5,,,
ClassicGumtree,3,1,354,3,0.6,,400,,,,,5,,,
ClassicGumtree,3,1,320,3,0.6,,500,,,,,5,,,
ClassicGumtree,3,1,298,3,0.6,,600,,,,,5,,,
ClassicGumtree,3,1,323,3,0.6,,700,,,,,5,,,
ClassicGumtree,3,1,315,3,0.6,,800,,,,,5,,,
ClassicGumtree,3,1,302,3,0.6,,900,,,,,5,,,
ClassicGumtree,3,1,338,3,0.6,,1000,,,,,5,,,
ClassicGumtree,3,1,304,3,0.6,,1100,,,,,5,,,
ClassicGumtree,3,1,333,3,0.6,,1200,,,,,5,,,
ClassicGumtree,3,1,318,3,0.6,,1300,,,,,5,,,
ClassicGumtree,3,1,295,3,0.6,,1400,,,,,5,,,
ClassicGumtree,3,1,334,3,0.6,,1500,,,,,5,,,
ClassicGumtree,3,1,343,3,0.6,,1600,,,,,5,,,
ClassicGumtree,3,1,339,3,0.6,,1700,,,,,5,,,
ClassicGumtree,3,1,328,3,0.6,,1800,,,,,5,,,
ClassicGumtree,3,1,345,3,0.6,,1900,,,,,5,,,
ClassicGumtree,3,1,306,3,0.6,,2000,,,,,5,,,
ClassicGumtree,11,9,1,3,0.7,,100,,,,,1,,,
ClassicGumtree,9,7,126,3,0.7,,200,,,,,1,,,
ClassicGumtree,3,1,995,3,0.7,,300,,,,,1,,,
ClassicGumtree,3,1,989,3,0.7,,400,,,,,1,,,
ClassicGumtree,3,1,994,3,0.7,,500,,,,,1,,,
ClassicGumtree,3,1,1002,3,0.7,,600,,,,,1,,,
ClassicGumtree,3,1,964,3,0.7,,700,,,,,1,,,
ClassicGumtree,3,1,972,3,0.7,,800,,,,,1,,,
ClassicGumtree,3,1,965,3,0.7,,900,,,,,1,,,
ClassicGumtree,3,1,975,3,0.7,,1000,,,,,1,,,
ClassicGumtree,3,1,1091,3,0.7,,1100,,,,,1,,,
ClassicGumtree,3,1,1021,3,0.7,,1200,,,,,1,,,
ClassicGumtree,3,1,1146,3,0.7,,1300,,,,,1,,,
ClassicGumtree,3,1,1181,3,0.7,,1400,,,,,1,,,
ClassicGumtree,3,1,1173,3,0.7,,1500,,,,,1,,,
ClassicGumtree,3,1,1149,3,0.7,,1600,,,,,1,,,
ClassicGumtree,3,1,1196,3,0.7,,1700,,,,,1,,,
ClassicGumtree,3,1,1170,3,0.7,,1800,,,,,1,,,
ClassicGumtree,3,1,1160,3,0.7,,1900,,,,,1,,,
ClassicGumtree,3,1,1188,3,0.7,,2000,,,,,1,,,
ClassicGumtree,204,19,72,3,0.7,,100,,,,,2,,,
ClassicGumtree,204,19,1,3,0.7,,200,,,,,2,,,
ClassicGumtree,3,1,421,3,0.7,,300,,,,,2,,,
ClassicGumtree,3,1,373,3,0.7,,400,,,,,2,,,
ClassicGumtree,3,1,375,3,0.7,,500,,,,,2,,,
ClassicGumtree,3,1,395,3,0.7,,600,,,,,2,,,
ClassicGumtree,3,1,328,3,0.7,,700,,,,,2,,,
ClassicGumtree,3,1,313,3,0.7,,800,,,,,2,,,
ClassicGumtree,3,1,286,3,0.7,,900,,,,,2,,,
ClassicGumtree,3,1,292,3,0.7,,1000,,,,,2,,,
ClassicGumtree,3,1,287,3,0.7,,1100,,,,,2,,,
ClassicGumtree,3,1,318,3,0.7,,1200,,,,,2,,,
ClassicGumtree,3,1,325,3,0.7,,1300,,,,,2,,,
ClassicGumtree,3,1,293,3,0.7,,1400,,,,,2,,,
ClassicGumtree,3,1,305,3,0.7,,1500,,,,,2,,,
ClassicGumtree,3,1,316,3,0.7,,1600,,,,,2,,,
ClassicGumtree,3,1,272,3,0.7,,1700,,,,,2,,,
ClassicGumtree,3,1,316,3,0.7,,1800,,,,,2,,,
ClassicGumtree,3,1,330,3,0.7,,1900,,,,,2,,,
ClassicGumtree,3,1,291,3,0.7,,2000,,,,,2,,,
ClassicGumtree,265,12,1,3,0.7,,100,,,,,3,,,
ClassicGumtree,265,12,1,3,0.7,,200,,,,,3,,,
ClassicGumtree,3,1,315,3,0.7,,300,,,,,3,,,
ClassicGumtree,3,1,286,3,0.7,,400,,,,,3,,,
ClassicGumtree,3,1,324,3,0.7,,500,,,,,3,,,
ClassicGumtree,3,1,273,3,0.7,,600,,,,,3,,,
ClassicGumtree,3,1,288,3,0.7,,700,,,,,3,,,
ClassicGumtree,3,1,302,3,0.7,,800,,,,,3,,,
ClassicGumtree,3,1,310,3,0.7,,900,,,,,3,,,
ClassicGumtree,3,1,308,3,0.7,,1000,,,,,3,,,
ClassicGumtree,3,1,333,3,0.7,,1100,,,,,3,,,
ClassicGumtree,3,1,305,3,0.7,,1200,,,,,3,,,
ClassicGumtree,3,1,298,3,0.7,,1300,,,,,3,,,
ClassicGumtree,3,1,316,3,0.7,,1400,,,,,3,,,
ClassicGumtree,3,1,304,3,0.7,,1500,,,,,3,,,
ClassicGumtree,3,1,318,3,0.7,,1600,,,,,3,,,
ClassicGumtree,3,1,308,3,0.7,,1700,,,,,3,,,
ClassicGumtree,3,1,310,3,0.7,,1800,,,,,3,,,
ClassicGumtree,3,1,325,3,0.7,,1900,,,,,3,,,
ClassicGumtree,3,1,241,3,0.7,,2000,,,,,3,,,
ClassicGumtree,313,8,2,3,0.7,,100,,,,,4,,,
ClassicGumtree,313,8,0,3,0.7,,200,,,,,4,,,
ClassicGumtree,3,1,300,3,0.7,,300,,,,,4,,,
ClassicGumtree,3,1,282,3,0.7,,400,,,,,4,,,
ClassicGumtree,3,1,295,3,0.7,,500,,,,,4,,,
ClassicGumtree,3,1,331,3,0.7,,600,,,,,4,,,
ClassicGumtree,3,1,286,3,0.7,,700,,,,,4,,,
ClassicGumtree,3,1,326,3,0.7,,800,,,,,4,,,
ClassicGumtree,3,1,286,3,0.7,,900,,,,,4,,,
ClassicGumtree,3,1,299,3,0.7,,1000,,,,,4,,,
ClassicGumtree,3,1,547,3,0.7,,1100,,,,,4,,,
ClassicGumtree,3,1,383,3,0.7,,1200,,,,,4,,,
ClassicGumtree,3,1,466,3,0.7,,1300,,,,,4,,,
ClassicGumtree,3,1,535,3,0.7,,1400,,,,,4,,,
ClassicGumtree,3,1,554,3,0.7,,1500,,,,,4,,,
ClassicGumtree,3,1,669,3,0.7,,1600,,,,,4,,,
ClassicGumtree,3,1,541,3,0.7,,1700,,,,,4,,,
ClassicGumtree,3,1,623,3,0.7,,1800,,,,,4,,,
ClassicGumtree,3,1,631,3,0.7,,1900,,,,,4,,,
ClassicGumtree,3,1,641,3,0.7,,2000,,,,,4,,,
ClassicGumtree,343,6,0,3,0.7,,100,,,,,5,,,
ClassicGumtree,343,6,1,3,0.7,,200,,,,,5,,,
ClassicGumtree,3,1,620,3,0.7,,300,,,,,5,,,
ClassicGumtree,3,1,571,3,0.7,,400,,,,,5,,,
ClassicGumtree,3,1,515,3,0.7,,500,,,,,5,,,
ClassicGumtree,3,1,580,3,0.7,,600,,,,,5,,,
ClassicGumtree,3,1,575,3,0.7,,700,,,,,5,,,
ClassicGumtree,3,1,571,3,0.7,,800,,,,,5,,,
ClassicGumtree,3,1,557,3,0.7,,900,,,,,5,,,
ClassicGumtree,3,1,514,3,0.7,,1000,,,,,5,,,
ClassicGumtree,3,1,559,3,0.7,,1100,,,,,5,,,
ClassicGumtree,3,1,518,3,0.7,,1200,,,,,5,,,
ClassicGumtree,3,1,441,3,0.7,,1300,,,,,5,,,
ClassicGumtree,3,1,481,3,0.7,,1400,,,,,5,,,
ClassicGumtree,3,1,407,3,0.7,,1500,,,,,5,,,
ClassicGumtree,3,1,378,3,0.7,,1600,,,,,5,,,
ClassicGumtree,3,1,353,3,0.7,,1700,,,,,5,,,
ClassicGumtree,3,1,324,3,0.7,,1800,,,,,5,,,
ClassicGumtree,3,1,288,3,0.7,,1900,,,,,5,,,
ClassicGumtree,3,1,331,3,0.7,,2000,,,,,5,,,
ClassicGumtree,11,9,1,3,0.799,,100,,,,,1,,,
ClassicGumtree,9,7,130,3,0.799,,200,,,,,1,,,
ClassicGumtree,3,1,861,3,0.799,,300,,,,,1,,,
ClassicGumtree,3,1,889,3,0.799,,400,,,,,1,,,
ClassicGumtree,3,1,904,3,0.799,,500,,,,,1,,,
ClassicGumtree,3,1,922,3,0.799,,600,,,,,1,,,
ClassicGumtree,3,1,928,3,0.799,,700,,,,,1,,,
ClassicGumtree,3,1,896,3,0.799,,800,,,,,1,,,
ClassicGumtree,3,1,886,3,0.799,,900,,,,,1,,,
ClassicGumtree,3,1,893,3,0.799,,1000,,,,,1,,,
ClassicGumtree,3,1,914,3,0.799,,1100,,,,,1,,,
ClassicGumtree,3,1,870,3,0.799,,1200,,,,,1,,,
ClassicGumtree,3,1,885,3,0.799,,1300,,,,,1,,,
ClassicGumtree,3,1,920,3,0.799,,1400,,,,,1,,,
ClassicGumtree,3,1,893,3,0.799,,1500,,,,,1,,,
ClassicGumtree,3,1,892,3,0.799,,1600,,,,,1,,,
ClassicGumtree,3,1,904,3,0.799,,1700,,,,,1,,,
ClassicGumtree,3,1,902,3,0.799,,1800,,,,,1,,,
ClassicGumtree,3,1,900,3,0.799,,1900,,,,,1,,,
ClassicGumtree,3,1,896,3,0.799,,2000,,,,,1,,,
ClassicGumtree,204,19,1,3,0.799,,100,,,,,2,,,
ClassicGumtree,204,19,1,3,0.799,,200,,,,,2,,,
ClassicGumtree,3,1,324,3,0.799,,300,,,,,2,,,
ClassicGumtree,3,1,306,3,0.799,,400,,,,,2,,,
ClassicGumtree,3,1,293,3,0.799,,500,,,,,2,,,
ClassicGumtree,3,1,298,3,0.799,,600,,,,,2,,,
ClassicGumtree,3,1,294,3,0.799,,700,,,,,2,,,
ClassicGumtree,3,1,322,3,0.799,,800,,,,,2,,,
ClassicGumtree,3,1,305,3,0.799,,900,,,,,2,,,
ClassicGumtree,3,1,282,3,0.799,,1000,,,,,2,,,
ClassicGumtree,3,1,297,3,0.799,,1100,,,,,2,,,
ClassicGumtree,3,1,313,3,0.799,,1200,,,,,2,,,
ClassicGumtree,3,1,295,3,0.799,,1300,,,,,2,,,
ClassicGumtree,3,1,294,3,0.799,,1400,,,,,2,,,
ClassicGumtree,3,1,324,3,0.799,,1500,,,,,2,,,
ClassicGumtree,3,1,336,3,0.799,,1600,,,,,2,,,
ClassicGumtree,3,1,309,3,0.799,,1700,,,,,2,,,
ClassicGumtree,3,1,269,3,0.799,,1800,,,,,2,,,
ClassicGumtree,3,1,296,3,0.799,,1900,,,,,2,,,
ClassicGumtree,3,1,307,3,0.799,,2000,,,,,2,,,
ClassicGumtree,265,12,1,3,0.799,,100,,,,,3,,,
ClassicGumtree,265,12,26,3,0.799,,200,,,,,3,,,
ClassicGumtree,3,1,291,3,0.799,,300,,,,,3,,,
ClassicGumtree,3,1,315,3,0.799,,400,,,,,3,,,
ClassicGumtree,3,1,294,3,0.799,,500,,,,,3,,,
ClassicGumtree,3,1,291,3,0.799,,600,,,,,3,,,
ClassicGumtree,3,1,312,3,0.799,,700,,,,,3,,,
ClassicGumtree,3,1,303,3,0.799,,800,,,,,3,,,
ClassicGumtree,3,1,309,3,0.799,,900,,,,,3,,,
ClassicGumtree,3,1,306,3,0.799,,1000,,,,,3,,,
ClassicGumtree,3,1,296,3,0.799,,1100,,,,,3,,,
ClassicGumtree,3,1,310,3,0.799,,1200,,,,,3,,,
ClassicGumtree,3,1,283,3,0.799,,1300,,,,,3,,,
ClassicGumtree,3,1,308,3,0.799,,1400,,,,,3,,,
ClassicGumtree,3,1,314,3,0.799,,1500,,,,,3,,,
ClassicGumtree,3,1,279,3,0.799,,1600,,,,,3,,,
ClassicGumtree,3,1,306,3,0.799,,1700,,,,,3,,,
ClassicGumtree,3,1,305,3,0.799,,1800,,,,,3,,,
ClassicGumtree,3,1,315,3,0.799,,1900,,,,,3,,,
ClassicGumtree,3,1,275,3,0.799,,2000,,,,,3,,,
ClassicGumtree,313,8,2,3,0.799,,100,,,,,4,,,
ClassicGumtree,313,8,1,3,0.799,,200,,,,,4,,,
ClassicGumtree,3,1,321,3,0.799,,300,,,,,4,,,
ClassicGumtree,3,1,310,3,0.799,,400,,,,,4,,,
ClassicGumtree,3,1,310,3,0.799,,500,,,,,4,,,
ClassicGumtree,3,1,314,3,0.799,,600,,,,,4,,,
ClassicGumtree,3,1,299,3,0.799,,700,,,,,4,,,
ClassicGumtree,3,1,323,3,0.799,,800,,,,,4,,,
ClassicGumtree,3,1,316,3,0.799,,900,,,,,4,,,
ClassicGumtree,3,1,319,3,0.799,,1000,,,,,4,,,
ClassicGumtree,3,1,324,3,0.799,,1100,,,,,4,,,
ClassicGumtree,3,1,285,3,0.799,,1200,,,,,4,,,
ClassicGumtree,3,1,256,3,0.799,,1300,,,,,4,,,
ClassicGumtree,3,1,290,3,0.799,,1400,,,,,4,,,
ClassicGumtree,3,1,302,3,0.799,,1500,,,,,4,,,
ClassicGumtree,3,1,322,3,0.799,,1600,,,,,4,,,
ClassicGumtree,3,1,294,3,0.799,,1700,,,,,4,,,
ClassicGumtree,3,1,303,3,0.799,,1800,,,,,4,,,
ClassicGumtree,3,1,285,3,0.799,,1900,,,,,4,,,
ClassicGumtree,3,1,311,3,0.799,,2000,,,,,4,,,
ClassicGumtree,343,6,1,3,0.799,,100,,,,,5,,,
ClassicGumtree,343,6,20,3,0.799,,200,,,,,5,,,
ClassicGumtree,3,1,302,3,0.799,,300,,,,,5,,,
ClassicGumtree,3,1,311,3,0.799,,400,,,,,5,,,
ClassicGumtree,3,1,293,3,0.799,,500,,,,,5,,,
ClassicGumtree,3,1,326,3,0.799,,600,,,,,5,,,
ClassicGumtree,3,1,285,3,0.799,,700,,,,,5,,,
ClassicGumtree,3,1,282,3,0.799,,800,,,,,5,,,
ClassicGumtree,3,1,303,3,0.799,,900,,,,,5,,,
ClassicGumtree,3,1,324,3,0.799,,1000,,,,,5,,,
ClassicGumtree,3,1,293,3,0.799,,1100,,,,,5,,,
ClassicGumtree,3,1,325,3,0.799,,1200,,,,,5,,,
ClassicGumtree,3,1,376,3,0.799,,1300,,,,,5,,,
ClassicGumtree,3,1,356,3,0.799,,1400,,,,,5,,,
ClassicGumtree,3,1,359,3,0.799,,1500,,,,,5,,,
ClassicGumtree,3,1,346,3,0.799,,1600,,,,,5,,,
ClassicGumtree,3,1,309,3,0.799,,1700,,,,,5,,,
ClassicGumtree,3,1,352,3,0.799,,1800,,,,,5,,,
ClassicGumtree,3,1,352,3,0.799,,1900,,,,,5,,,
ClassicGumtree,3,1,343,3,0.799,,2000,,,,,5,,,
ClassicGumtree,11,9,1,3,0.899,,100,,,,,1,,,
ClassicGumtree,9,7,166,3,0.899,,200,,,,,1,,,
ClassicGumtree,3,1,851,3,0.899,,300,,,,,1,,,
ClassicGumtree,3,1,907,3,0.899,,400,,,,,1,,,
ClassicGumtree,3,1,900,3,0.899,,500,,,,,1,,,
ClassicGumtree,3,1,866,3,0.899,,600,,,,,1,,,
ClassicGumtree,3,1,910,3,0.899,,700,,,,,1,,,
ClassicGumtree,3,1,886,3,0.899,,800,,,,,1,,,
ClassicGumtree,3,1,890,3,0.899,,900,,,,,1,,,
ClassicGumtree,3,1,915,3,0.899,,1000,,,,,1,,,
ClassicGumtree,3,1,878,3,0.899,,1100,,,,,1,,,
ClassicGumtree,3,1,935,3,0.899,,1200,,,,,1,,,
ClassicGumtree,3,1,1034,3,0.899,,1300,,,,,1,,,
ClassicGumtree,3,1,1099,3,0.899,,1400,,,,,1,,,
ClassicGumtree,3,1,1110,3,0.899,,1500,,,,,1,,,
ClassicGumtree,3,1,1079,3,0.899,,1600,,,,,1,,,
ClassicGumtree,3,1,1076,3,0.899,,1700,,,,,1,,,
ClassicGumtree,3,1,1086,3,0.899,,1800,,,,,1,,,
ClassicGumtree,3,1,1092,3,0.899,,1900,,,,,1,,,
ClassicGumtree,3,1,1039,3,0.899,,2000,,,,,1,,,
ClassicGumtree,204,19,1,3,0.899,,100,,,,,2,,,
ClassicGumtree,204,19,9,3,0.899,,200,,,,,2,,,
ClassicGumtree,3,1,437,3,0.899,,300,,,,,2,,,
ClassicGumtree,3,1,353,3,0.899,,400,,,,,2,,,
ClassicGumtree,3,1,373,3,0.899,,500,,,,,2,,,
ClassicGumtree,3,1,367,3,0.899,,600,,,,,2,,,
ClassicGumtree,3,1,302,3,0.899,,700,,,,,2,,,
ClassicGumtree,3,1,364,3,0.899,,800,,,,,2,,,
ClassicGumtree,3,1,380,3,0.899,,900,,,,,2,,,
ClassicGumtree,3,1,475,3,0.899,,1000,,,,,2,,,
ClassicGumtree,3,1,449,3,0.899,,1100,,,,,2,,,
ClassicGumtree,3,1,457,3,0.899,,1200,,,,,2,,,
ClassicGumtree,3,1,462,3,0.899,,1300,,,,,2,,,
ClassicGumtree,3,1,432,3,0.899,,1400,,,,,2,,,
ClassicGumtree,3,1,544,3,0.899,,1500,,,,,2,,,
ClassicGumtree,3,1,433,3,0.899,,1600,,,,,2,,,
ClassicGumtree,3,1,670,3,0.899,,1700,,,,,2,,,
ClassicGumtree,3,1,569,3,0.899,,1800,,,,,2,,,
ClassicGumtree,3,1,554,3,0.899,,1900,,,,,2,,,
ClassicGumtree,3,1,528,3,0.899,,2000,,,,,2,,,
ClassicGumtree,265,12,1,3,0.899,,100,,,,,3,,,
ClassicGumtree,265,12,1,3,0.899,,200,,,,,3,,,
ClassicGumtree,3,1,703,3,0.899,,300,,,,,3,,,
ClassicGumtree,3,1,693,3,0.899,,400,,,,,3,,,
ClassicGumtree,3,1,706,3,0.899,,500,,,,,3,,,
ClassicGumtree,3,1,706,3,0.899,,600,,,,,3,,,
ClassicGumtree,3,1,729,3,0.899,,700,,,,,3,,,
ClassicGumtree,3,1,618,3,0.899,,800,,,,,3,,,
ClassicGumtree,3,1,514,3,0.899,,900,,,,,3,,,
ClassicGumtree,3,1,529,3,0.899,,1000,,,,,3,,,
ClassicGumtree,3,1,539,3,0.899,,1100,,,,,3,,,
ClassicGumtree,3,1,492,3,0.899,,1200,,,,,3,,,
ClassicGumtree,3,1,389,3,0.899,,1300,,,,,3,,,
ClassicGumtree,3,1,369,3,0.899,,1400,,,,,3,,,
ClassicGumtree,3,1,362,3,0.899,,1500,,,,,3,,,
ClassicGumtree,3,1,348,3,0.899,,1600,,,,,3,,,
ClassicGumtree,3,1,359,3,0.899,,1700,,,,,3,,,
ClassicGumtree,3,1,355,3,0.899,,1800,,,,,3,,,
ClassicGumtree,3,1,389,3,0.899,,1900,,,,,3,,,
ClassicGumtree,3,1,403,3,0.899,,2000,,,,,3,,,
ClassicGumtree,313,8,2,3,0.899,,100,,,,,4,,,
ClassicGumtree,313,8,1,3,0.899,,200,,,,,4,,,
ClassicGumtree,3,1,379,3,0.899,,300,,,,,4,,,
ClassicGumtree,3,1,453,3,0.899,,400,,,,,4,,,
ClassicGumtree,3,1,477,3,0.899,,500,,,,,4,,,
ClassicGumtree,3,1,443,3,0.899,,600,,,,,4,,,
ClassicGumtree,3,1,463,3,0.899,,700,,,,,4,,,
ClassicGumtree,3,1,475,3,0.899,,800,,,,,4,,,
ClassicGumtree,3,1,464,3,0.899,,900,,,,,4,,,
ClassicGumtree,3,1,495,3,0.899,,1000,,,,,4,,,
ClassicGumtree,3,1,423,3,0.899,,1100,,,,,4,,,
ClassicGumtree,3,1,422,3,0.899,,1200,,,,,4,,,
ClassicGumtree,3,1,456,3,0.899,,1300,,,,,4,,,
ClassicGumtree,3,1,427,3,0.899,,1400,,,,,4,,,
ClassicGumtree,3,1,338,3,0.899,,1500,,,,,4,,,
ClassicGumtree,3,1,357,3,0.899,,1600,,,,,4,,,
ClassicGumtree,3,1,332,3,0.899,,1700,,,,,4,,,
ClassicGumtree,3,1,344,3,0.899,,1800,,,,,4,,,
ClassicGumtree,3,1,328,3,0.899,,1900,,,,,4,,,
ClassicGumtree,3,1,335,3,0.899,,2000,,,,,4,,,
ClassicGumtree,343,6,1,3,0.899,,100,,,,,5,,,
ClassicGumtree,343,6,39,3,0.899,,200,,,,,5,,,
ClassicGumtree,3,1,297,3,0.899,,300,,,,,5,,,
ClassicGumtree,3,1,296,3,0.899,,400,,,,,5,,,
ClassicGumtree,3,1,295,3,0.899,,500,,,,,5,,,
ClassicGumtree,3,1,286,3,0.899,,600,,,,,5,,,
ClassicGumtree,3,1,290,3,0.899,,700,,,,,5,,,
ClassicGumtree,3,1,315,3,0.899,,800,,,,,5,,,
ClassicGumtree,3,1,285,3,0.899,,900,,,,,5,,,
ClassicGumtree,3,1,253,3,0.899,,1000,,,,,5,,,
ClassicGumtree,3,1,287,3,0.899,,1100,,,,,5,,,
ClassicGumtree,3,1,334,3,0.899,,1200,,,,,5,,,
ClassicGumtree,3,1,279,3,0.899,,1300,,,,,5,,,
ClassicGumtree,3,1,309,3,0.899,,1400,,,,,5,,,
ClassicGumtree,3,1,301,3,0.899,,1500,,,,,5,,,
ClassicGumtree,3,1,294,3,0.899,,1600,,,,,5,,,
ClassicGumtree,3,1,335,3,0.899,,1700,,,,,5,,,
ClassicGumtree,3,1,316,3,0.899,,1800,,,,,5,,,
ClassicGumtree,3,1,320,3,0.899,,1900,,,,,5,,,
ClassicGumtree,3,1,303,3,0.899,,2000,,,,,5,,,
ClassicGumtree,65,50,1,3,0.999,,100,,,,,1,,,
ClassicGumtree,65,50,1,3,0.999,,200,,,,,1,,,
ClassicGumtree,3,1,326,3,0.999,,300,,,,,1,,,
ClassicGumtree,3,1,330,3,0.999,,400,,,,,1,,,
ClassicGumtree,3,1,274,3,0.999,,500,,,,,1,,,
ClassicGumtree,3,1,305,3,0.999,,600,,,,,1,,,
ClassicGumtree,3,1,312,3,0.999,,700,,,,,1,,,
ClassicGumtree,3,1,289,3,0.999,,800,,,,,1,,,
ClassicGumtree,3,1,312,3,0.999,,900,,,,,1,,,
ClassicGumtree,3,1,335,3,0.999,,1000,,,,,1,,,
ClassicGumtree,3,1,290,3,0.999,,1100,,,,,1,,,
ClassicGumtree,3,1,303,3,0.999,,1200,,,,,1,,,
ClassicGumtree,3,1,306,3,0.999,,1300,,,,,1,,,
ClassicGumtree,3,1,314,3,0.999,,1400,,,,,1,,,
ClassicGumtree,3,1,308,3,0.999,,1500,,,,,1,,,
ClassicGumtree,3,1,304,3,0.999,,1600,,,,,1,,,
ClassicGumtree,3,1,311,3,0.999,,1700,,,,,1,,,
ClassicGumtree,3,1,314,3,0.999,,1800,,,,,1,,,
ClassicGumtree,3,1,304,3,0.999,,1900,,,,,1,,,
ClassicGumtree,3,1,285,3,0.999,,2000,,,,,1,,,
ClassicGumtree,204,19,1,3,0.999,,100,,,,,2,,,
ClassicGumtree,204,19,0,3,0.999,,200,,,,,2,,,
ClassicGumtree,3,1,285,3,0.999,,300,,,,,2,,,
ClassicGumtree,3,1,291,3,0.999,,400,,,,,2,,,
ClassicGumtree,3,1,305,3,0.999,,500,,,,,2,,,
ClassicGumtree,3,1,307,3,0.999,,600,,,,,2,,,
ClassicGumtree,3,1,292,3,0.999,,700,,,,,2,,,
ClassicGumtree,3,1,271,3,0.999,,800,,,,,2,,,
ClassicGumtree,3,1,311,3,0.999,,900,,,,,2,,,
ClassicGumtree,3,1,311,3,0.999,,1000,,,,,2,,,
ClassicGumtree,3,1,295,3,0.999,,1100,,,,,2,,,
ClassicGumtree,3,1,286,3,0.999,,1200,,,,,2,,,
ClassicGumtree,3,1,322,3,0.999,,1300,,,,,2,,,
ClassicGumtree,3,1,301,3,0.999,,1400,,,,,2,,,
ClassicGumtree,3,1,309,3,0.999,,1500,,,,,2,,,
ClassicGumtree,3,1,296,3,0.999,,1600,,,,,2,,,
ClassicGumtree,3,1,247,3,0.999,,1700,,,,,2,,,
ClassicGumtree,3,1,305,3,0.999,,1800,,,,,2,,,
ClassicGumtree,3,1,313,3,0.999,,1900,,,,,2,,,
ClassicGumtree,3,1,267,3,0.999,,2000,,,,,2,,,
ClassicGumtree,265,12,1,3,0.999,,100,,,,,3,,,
ClassicGumtree,265,12,1,3,0.999,,200,,,,,3,,,
ClassicGumtree,3,1,318,3,0.999,,300,,,,,3,,,
ClassicGumtree,3,1,308,3,0.999,,400,,,,,3,,,
ClassicGumtree,3,1,304,3,0.999,,500,,,,,3,,,
ClassicGumtree,3,1,310,3,0.999,,600,,,,,3,,,
ClassicGumtree,3,1,313,3,0.999,,700,,,,,3,,,
ClassicGumtree,3,1,289,3,0.999,,800,,,,,3,,,
ClassicGumtree,3,1,298,3,0.999,,900,,,,,3,,,
ClassicGumtree,3,1,289,3,0.999,,1000,,,,,3,,,
ClassicGumtree,3,1,296,3,0.999,,1100,,,,,3,,,
ClassicGumtree,3,1,340,3,0.999,,1200,,,,,3,,,
ClassicGumtree,3,1,296,3,0.999,,1300,,,,,3,,,
ClassicGumtree,3,1,286,3,0.999,,1400,,,,,3,,,
ClassicGumtree,3,1,276,3,0.999,,1500,,,,,3,,,
ClassicGumtree,3,1,321,3,0.999,,1600,,,,,3,,,
ClassicGumtree,3,1,311,3,0.999,,1700,,,,,3,,,
ClassicGumtree,3,1,311,3,0.999,,1800,,,,,3,,,
ClassicGumtree,3,1,307,3,0.999,,1900,,,,,3,,,
ClassicGumtree,3,1,290,3,0.999,,2000,,,,,3,,,
ClassicGumtree,313,8,1,3,0.999,,100,,,,,4,,,
ClassicGumtree,313,8,1,3,0.999,,200,,,,,4,,,
ClassicGumtree,3,1,313,3,0.999,,300,,,,,4,,,
ClassicGumtree,3,1,321,3,0.999,,400,,,,,4,,,
ClassicGumtree,3,1,313,3,0.999,,500,,,,,4,,,
ClassicGumtree,3,1,299,3,0.999,,600,,,,,4,,,
ClassicGumtree,3,1,302,3,0.999,,700,,,,,4,,,
ClassicGumtree,3,1,278,3,0.999,,800,,,,,4,,,
ClassicGumtree,3,1,299,3,0.999,,900,,,,,4,,,
ClassicGumtree,3,1,278,3,0.999,,1000,,,,,4,,,
ClassicGumtree,3,1,318,3,0.999,,1100,,,,,4,,,
ClassicGumtree,3,1,289,3,0.999,,1200,,,,,4,,,
ClassicGumtree,3,1,309,3,0.999,,1300,,,,,4,,,
ClassicGumtree,3,1,292,3,0.999,,1400,,,,,4,,,
ClassicGumtree,3,1,267,3,0.999,,1500,,,,,4,,,
ClassicGumtree,3,1,293,3,0.999,,1600,,,,,4,,,
ClassicGumtree,3,1,301,3,0.999,,1700,,,,,4,,,
ClassicGumtree,3,1,286,3,0.999,,1800,,,,,4,,,
ClassicGumtree,3,1,297,3,0.999,,1900,,,,,4,,,
ClassicGumtree,3,1,320,3,0.999,,2000,,,,,4,,,
ClassicGumtree,343,6,1,3,0.999,,100,,,,,5,,,
ClassicGumtree,343,6,1,3,0.999,,200,,,,,5,,,
ClassicGumtree,3,1,327,3,0.999,,300,,,,,5,,,
ClassicGumtree,3,1,276,3,0.999,,400,,,,,5,,,
ClassicGumtree,3,1,293,3,0.999,,500,,,,,5,,,
ClassicGumtree,3,1,316,3,0.999,,600,,,,,5,,,
ClassicGumtree,3,1,311,3,0.999,,700,,,,,5,,,
ClassicGumtree,3,1,294,3,0.999,,800,,,,,5,,,
ClassicGumtree,3,1,296,3,0.999,,900,,,,,5,,,
ClassicGumtree,3,1,270,3,0.999,,1000,,,,,5,,,
ClassicGumtree,3,1,297,3,0.999,,1100,,,,,5,,,
ClassicGumtree,3,1,294,3,0.999,,1200,,,,,5,,,
ClassicGumtree,3,1,333,3,0.999,,1300,,,,,5,,,
ClassicGumtree,3,1,314,3,0.999,,1400,,,,,5,,,
ClassicGumtree,3,1,291,3,0.999,,1500,,,,,5,,,
ClassicGumtree,3,1,259,3,0.999,,1600,,,,,5,,,
ClassicGumtree,3,1,250,3,0.999,,1700,,,,,5,,,
ClassicGumtree,3,1,241,3,0.999,,1800,,,,,5,,,
ClassicGumtree,3,1,250,3,0.999,,1900,,,,,5,,,
ClassicGumtree,3,1,242,3,0.999,,2000,,,,,5,,,
CompleteGumtreeMatcher,71,47,45,3,0.1,,100,,,,,1,,,
CompleteGumtreeMatcher,71,47,56,3,0.1,,200,,,,,1,,,
CompleteGumtreeMatcher,12,4,369,3,0.1,,300,,,,,1,,,
CompleteGumtreeMatcher,12,4,371,3,0.1,,400,,,,,1,,,
CompleteGumtreeMatcher,12,4,394,3,0.1,,500,,,,,1,,,
CompleteGumtreeMatcher,12,4,409,3,0.1,,600,,,,,1,,,
CompleteGumtreeMatcher,12,4,383,3,0.1,,700,,,,,1,,,
CompleteGumtreeMatcher,12,4,405,3,0.1,,800,,,,,1,,,
CompleteGumtreeMatcher,12,4,387,3,0.1,,900,,,,,1,,,
CompleteGumtreeMatcher,12,4,379,3,0.1,,1000,,,,,1,,,
CompleteGumtreeMatcher,12,4,392,3,0.1,,1100,,,,,1,,,
CompleteGumtreeMatcher,12,4,352,3,0.1,,1200,,,,,1,,,
CompleteGumtreeMatcher,12,4,371,3,0.1,,1300,,,,,1,,,
CompleteGumtreeMatcher,12,4,374,3,0.1,,1400,,,,,1,,,
CompleteGumtreeMatcher,12,4,328,3,0.1,,1500,,,,,1,,,
CompleteGumtreeMatcher,12,4,379,3,0.1,,1600,,,,,1,,,
CompleteGumtreeMatcher,12,4,378,3,0.1,,1700,,,,,1,,,
CompleteGumtreeMatcher,12,4,363,3,0.1,,1800,,,,,1,,,
CompleteGumtreeMatcher,12,4,360,3,0.1,,1900,,,,,1,,,
CompleteGumtreeMatcher,12,4,363,3,0.1,,2000,,,,,1,,,
CompleteGumtreeMatcher,204,19,1,3,0.1,,100,,,,,2,,,
CompleteGumtreeMatcher,204,19,4,3,0.1,,200,,,,,2,,,
CompleteGumtreeMatcher,3,1,370,3,0.1,,300,,,,,2,,,
CompleteGumtreeMatcher,3,1,379,3,0.1,,400,,,,,2,,,
CompleteGumtreeMatcher,3,1,359,3,0.1,,500,,,,,2,,,
CompleteGumtreeMatcher,3,1,336,3,0.1,,600,,,,,2,,,
CompleteGumtreeMatcher,3,1,342,3,0.1,,700,,,,,2,,,
CompleteGumtreeMatcher,3,1,374,3,0.1,,800,,,,,2,,,
CompleteGumtreeMatcher,3,1,336,3,0.1,,900,,,,,2,,,
CompleteGumtreeMatcher,3,1,358,3,0.1,,1000,,,,,2,,,
CompleteGumtreeMatcher,3,1,324,3,0.1,,1100,,,,,2,,,
CompleteGumtreeMatcher,3,1,345,3,0.1,,1200,,,,,2,,,
CompleteGumtreeMatcher,3,1,348,3,0.1,,1300,,,,,2,,,
CompleteGumtreeMatcher,3,1,352,3,0.1,,1400,,,,,2,,,
CompleteGumtreeMatcher,3,1,348,3,0.1,,1500,,,,,2,,,
CompleteGumtreeMatcher,3,1,329,3,0.1,,1600,,,,,2,,,
CompleteGumtreeMatcher,3,1,373,3,0.1,,1700,,,,,2,,,
CompleteGumtreeMatcher,3,1,349,3,0.1,,1800,,,,,2,,,
CompleteGumtreeMatcher,3,1,337,3,0.1,,1900,,,,,2,,,
CompleteGumtreeMatcher,3,1,322,3,0.1,,2000,,,,,2,,,
CompleteGumtreeMatcher,265,12,1,3,0.1,,100,,,,,3,,,
CompleteGumtreeMatcher,265,12,1,3,0.1,,200,,,,,3,,,
CompleteGumtreeMatcher,3,1,358,3,0.1,,300,,,,,3,,,
CompleteGumtreeMatcher,3,1,298,3,0.1,,400,,,,,3,,,
CompleteGumtreeMatcher,3,1,355,3,0.1,,500,,,,,3,,,
CompleteGumtreeMatcher,3,1,335,3,0.1,,600,,,,,3,,,
CompleteGumtreeMatcher,3,1,341,3,0.1,,700,,,,,3,,,
CompleteGumtreeMatcher,3,1,320,3,0.1,,800,,,,,3,,,
CompleteGumtreeMatcher,3,1,374,3,0.1,,900,,,,,3,,,
CompleteGumtreeMatcher,3,1,316,3,0.1,,1000,,,,,3,,,
CompleteGumtreeMatcher,3,1,320,3,0.1,,1100,,,,,3,,,
CompleteGumtreeMatcher,3,1,359,3,0.1,,1200,,,,,3,,,
CompleteGumtreeMatcher,3,1,305,3,0.1,,1300,,,,,3,,,
CompleteGumtreeMatcher,3,1,352,3,0.1,,1400,,,,,3,,,
CompleteGumtreeMatcher,3,1,340,3,0.1,,1500,,,,,3,,,
CompleteGumtreeMatcher,3,1,324,3,0.1,,1600,,,,,3,,,
CompleteGumtreeMatcher,3,1,344,3,0.1,,1700,,,,,3,,,
CompleteGumtreeMatcher,3,1,355,3,0.1,,1800,,,,,3,,,
CompleteGumtreeMatcher,3,1,358,3,0.1,,1900,,,,,3,,,
CompleteGumtreeMatcher,3,1,340,3,0.1,,2000,,,,,3,,,
CompleteGumtreeMatcher,313,8,6,3,0.1,,100,,,,,4,,,
CompleteGumtreeMatcher,313,8,2,3,0.1,,200,,,,,4,,,
CompleteGumtreeMatcher,3,1,349,3,0.1,,300,,,,,4,,,
CompleteGumtreeMatcher,3,1,345,3,0.1,,400,,,,,4,,,
CompleteGumtreeMatcher,3,1,337,3,0.1,,500,,,,,4,,,
CompleteGumtreeMatcher,3,1,303,3,0.1,,600,,,,,4,,,
CompleteGumtreeMatcher,3,1,321,3,0.1,,700,,,,,4,,,
CompleteGumtreeMatcher,3,1,305,3,0.1,,800,,,,,4,,,
CompleteGumtreeMatcher,3,1,329,3,0.1,,900,,,,,4,,,
CompleteGumtreeMatcher,3,1,310,3,0.1,,1000,,,,,4,,,
CompleteGumtreeMatcher,3,1,317,3,0.1,,1100,,,,,4,,,
CompleteGumtreeMatcher,3,1,319,3,0.1,,1200,,,,,4,,,
CompleteGumtreeMatcher,3,1,329,3,0.1,,1300,,,,,4,,,
CompleteGumtreeMatcher,3,1,318,3,0.1,,1400,,,,,4,,,
CompleteGumtreeMatcher,3,1,341,3,0.1,,1500,,,,,4,,,
CompleteGumtreeMatcher,3,1,327,3,0.1,,1600,,,,,4,,,
CompleteGumtreeMatcher,3,1,345,3,0.1,,1700,,,,,4,,,
CompleteGumtreeMatcher,3,1,344,3,0.1,,1800,,,,,4,,,
CompleteGumtreeMatcher,3,1,424,3,0.1,,1900,,,,,4,,,
CompleteGumtreeMatcher,3,1,405,3,0.1,,2000,,,,,4,,,
CompleteGumtreeMatcher,343,6,5,3,0.1,,100,,,,,5,,,
CompleteGumtreeMatcher,343,6,23,3,0.1,,200,,,,,5,,,
CompleteGumtreeMatcher,3,1,419,3,0.1,,300,,,,,5,,,
CompleteGumtreeMatcher,3,1,382,3,0.1,,400,,,,,5,,,
CompleteGumtreeMatcher,3,1,439,3,0.1,,500,,,,,5,,,
CompleteGumtreeMatcher,3,1,391,3,0.1,,600,,,,,5,,,
CompleteGumtreeMatcher,3,1,424,3,0.1,,700,,,,,5,,,
CompleteGumtreeMatcher,3,1,433,3,0.1,,800,,,,,5,,,
CompleteGumtreeMatcher,3,1,447,3,0.1,,900,,,,,5,,,
CompleteGumtreeMatcher,3,1,490,3,0.1,,1000,,,,,5,,,
CompleteGumtreeMatcher,3,1,407,3,0.1,,1100,,,,,5,,,
CompleteGumtreeMatcher,3,1,396,3,0.1,,1200,,,,,5,,,
CompleteGumtreeMatcher,3,1,406,3,0.1,,1300,,,,,5,,,
CompleteGumtreeMatcher,3,1,433,3,0.1,,1400,,,,,5,,,
CompleteGumtreeMatcher,3,1,420,3,0.1,,1500,,,,,5,,,
CompleteGumtreeMatcher,3,1,417,3,0.1,,1600,,,,,5,,,
CompleteGumtreeMatcher,3,1,419,3,0.1,,1700,,,,,5,,,
CompleteGumtreeMatcher,3,1,388,3,0.1,,1800,,,,,5,,,
CompleteGumtreeMatcher,3,1,358,3,0.1,,1900,,,,,5,,,
CompleteGumtreeMatcher,3,1,336,3,0.1,,2000,,,,,5,,,
CompleteGumtreeMatcher,71,47,24,3,0.2,,100,,,,,1,,,
CompleteGumtreeMatcher,71,47,1,3,0.2,,200,,,,,1,,,
CompleteGumtreeMatcher,12,4,370,3,0.2,,300,,,,,1,,,
CompleteGumtreeMatcher,12,4,350,3,0.2,,400,,,,,1,,,
CompleteGumtreeMatcher,12,4,359,3,0.2,,500,,,,,1,,,
CompleteGumtreeMatcher,12,4,371,3,0.2,,600,,,,,1,,,
CompleteGumtreeMatcher,12,4,349,3,0.2,,700,,,,,1,,,
CompleteGumtreeMatcher,12,4,333,3,0.2,,800,,,,,1,,,
CompleteGumtreeMatcher,12,4,373,3,0.2,,900,,,,,1,,,
CompleteGumtreeMatcher,12,4,372,3,0.2,,1000,,,,,1,,,
CompleteGumtreeMatcher,12,4,364,3,0.2,,1100,,,,,1,,,
CompleteGumtreeMatcher,12,4,358,3,0.2,,1200,,,,,1,,,
CompleteGumtreeMatcher,12,4,295,3,0.2,,1300,,,,,1,,,
CompleteGumtreeMatcher,12,4,294,3,0.2,,1400,,,,,1,,,
CompleteGumtreeMatcher,12,4,299,3,0.2,,1500,,,,,1,,,
CompleteGumtreeMatcher,12,4,291,3,0.2,,1600,,,,,1,,,
CompleteGumtreeMatcher,12,4,321,3,0.2,,1700,,,,,1,,,
CompleteGumtreeMatcher,12,4,313,3,0.2,,1800,,,,,1,,,
CompleteGumtreeMatcher,12,4,313,3,0.2,,1900,,,,,1,,,
CompleteGumtreeMatcher,12,4,310,3,0.2,,2000,,,,,1,,,
CompleteGumtreeMatcher,204,19,1,3,0.2,,100,,,,,2,,,
CompleteGumtreeMatcher,204,19,1,3,0.2,,200,,,,,2,,,
CompleteGumtreeMatcher,3,1,306,3,0.2,,300,,,,,2,,,
CompleteGumtreeMatcher,3,1,313,3,0.2,,400,,,,,2,,,
CompleteGumtreeMatcher,3,1,305,3,0.2,,500,,,,,2,,,
CompleteGumtreeMatcher,3,1,288,3,0.2,,600,,,,,2,,,
CompleteGumtreeMatcher,3,1,293,3,0.2,,700,,,,,2,,,
CompleteGumtreeMatcher,3,1,302,3,0.2,,800,,,,,2,,,
CompleteGumtreeMatcher,3,1,285,3,0.2,,900,,,,,2,,,
CompleteGumtreeMatcher,3,1,277,3,0.2,,1000,,,,,2,,,
CompleteGumtreeMatcher,3,1,291,3,0.2,,1100,,,,,2,,,
CompleteGumtreeMatcher,3,1,292,3,0.2,,1200,,,,,2,,,
CompleteGumtreeMatcher,3,1,279,3,0.2,,1300,,,,,2,,,
CompleteGumtreeMatcher,3,1,281,3,0.2,,1400,,,,,2,,,
CompleteGumtreeMatcher,3,1,307,3,0.2,,1500,,,,,2,,,
CompleteGumtreeMatcher,3,1,292,3,0.2,,1600,,,,,2,,,
CompleteGumtreeMatcher,3,1,293,3,0.2,,1700,,,,,2,,,
CompleteGumtreeMatcher,3,1,310,3,0.2,,1800,,,,,2,,,
CompleteGumtreeMatcher,3,1,290,3,0.2,,1900,,,,,2,,,
CompleteGumtreeMatcher,3,1,301,3,0.2,,2000,,,,,2,,,
CompleteGumtreeMatcher,265,12,1,3,0.2,,100,,,,,3,,,
CompleteGumtreeMatcher,265,12,1,3,0.2,,200,,,,,3,,,
CompleteGumtreeMatcher,3,1,318,3,0.2,,300,,,,,3,,,
CompleteGumtreeMatcher,3,1,314,3,0.2,,400,,,,,3,,,
CompleteGumtreeMatcher,3,1,302,3,0.2,,500,,,,,3,,,
CompleteGumtreeMatcher,3,1,305,3,0.2,,600,,,,,3,,,
CompleteGumtreeMatcher,3,1,298,3,0.2,,700,,,,,3,,,
CompleteGumtreeMatcher,3,1,287,3,0.2,,800,,,,,3,,,
CompleteGumtreeMatcher,3,1,305,3,0.2,,900,,,,,3,,,
CompleteGumtreeMatcher,3,1,310,3,0.2,,1000,,,,,3,,,
CompleteGumtreeMatcher,3,1,283,3,0.2,,1100,,,,,3,,,
CompleteGumtreeMatcher,3,1,315,3,0.2,,1200,,,,,3,,,
CompleteGumtreeMatcher,3,1,299,3,0.2,,1300,,,,,3,,,
CompleteGumtreeMatcher,3,1,297,3,0.2,,1400,,,,,3,,,
CompleteGumtreeMatcher,3,1,281,3,0.2,,1500,,,,,3,,,
CompleteGumtreeMatcher,3,1,286,3,0.2,,1600,,,,,3,,,
CompleteGumtreeMatcher,3,1,315,3,0.2,,1700,,,,,3,,,
CompleteGumtreeMatcher,3,1,295,3,0.2,,1800,,,,,3,,,
CompleteGumtreeMatcher,3,1,254,3,0.2,,1900,,,,,3,,,
CompleteGumtreeMatcher,3,1,299,3,0.2,,2000,,,,,3,,,
CompleteGumtreeMatcher,313,8,1,3,0.2,,100,,,,,4,,,
CompleteGumtreeMatcher,313,8,1,3,0.2,,200,,,,,4,,,
CompleteGumtreeMatcher,3,1,306,3,0.2,,300,,,,,4,,,
CompleteGumtreeMatcher,3,1,282,3,0.2,,400,,,,,4,,,
CompleteGumtreeMatcher,3,1,315,3,0.2,,500,,,,,4,,,
CompleteGumtreeMatcher,3,1,300,3,0.2,,600,,,,,4,,,
CompleteGumtreeMatcher,3,1,319,3,0.2,,700,,,,,4,,,
CompleteGumtreeMatcher,3,1,296,3,0.2,,800,,,,,4,,,
CompleteGumtreeMatcher,3,1,307,3,0.2,,900,,,,,4,,,
CompleteGumtreeMatcher,3,1,292,3,0.2,,1000,,,,,4,,,
CompleteGumtreeMatcher,3,1,304,3,0.2,,1100,,,,,4,,,
CompleteGumtreeMatcher,3,1,311,3,0.2,,1200,,,,,4,,,
CompleteGumtreeMatcher,3,1,309,3,0.2,,1300,,,,,4,,,
CompleteGumtreeMatcher,3,1,300,3,0.2,,1400,,,,,4,,,
CompleteGumtreeMatcher,3,1,317,3,0.2,,1500,,,,,4,,,
CompleteGumtreeMatcher,3,1,320,3,0.2,,1600,,,,,4,,,
CompleteGumtreeMatcher,3,1,328,3,0.2,,1700,,,,,4,,,
CompleteGumtreeMatcher,3,1,299,3,0.2,,1800,,,,,4,,,
CompleteGumtreeMatcher,3,1,394,3,0.2,,1900,,,,,4,,,
CompleteGumtreeMatcher,3,1,378,3,0.2,,2000,,,,,4,,,
CompleteGumtreeMatcher,343,6,1,3,0.2,,100,,,,,5,,,
CompleteGumtreeMatcher,343,6,1,3,0.2,,200,,,,,5,,,
CompleteGumtreeMatcher,3,1,437,3,0.2,,300,,,,,5,,,
CompleteGumtreeMatcher,3,1,329,3,0.2,,400,,,,,5,,,
CompleteGumtreeMatcher,3,1,417,3,0.2,,500,,,,,5,,,
CompleteGumtreeMatcher,3,1,418,3,0.2,,600,,,,,5,,,
CompleteGumtreeMatcher,3,1,421,3,0.2,,700,,,,,5,,,
CompleteGumtreeMatcher,3,1,399,3,0.2,,800,,,,,5,,,
CompleteGumtreeMatcher,3,1,397,3,0.2,,900,,,,,5,,,
CompleteGumtreeMatcher,3,1,398,3,0.2,,1000,,,,,5,,,
CompleteGumtreeMatcher,3,1,348,3,0.2,,1100,,,,,5,,,
CompleteGumtreeMatcher,3,1,355,3,0.2,,1200,,,,,5,,,
CompleteGumtreeMatcher,3,1,335,3,0.2,,1300,,,,,5,,,
CompleteGumtreeMatcher,3,1,276,3,0.2,,1400,,,,,5,,,
CompleteGumtreeMatcher,3,1,285,3,0.2,,1500,,,,,5,,,
CompleteGumtreeMatcher,3,1,304,3,0.2,,1600,,,,,5,,,
CompleteGumtreeMatcher,3,1,347,3,0.2,,1700,,,,,5,,,
CompleteGumtreeMatcher,3,1,293,3,0.2,,1800,,,,,5,,,
CompleteGumtreeMatcher,3,1,398,3,0.2,,1900,,,,,5,,,
CompleteGumtreeMatcher,3,1,305,3,0.2,,2000,,,,,5,,,
CompleteGumtreeMatcher,71,47,1,3,0.3,,100,,,,,1,,,
CompleteGumtreeMatcher,71,47,2,3,0.3,,200,,,,,1,,,
CompleteGumtreeMatcher,12,4,353,3,0.3,,300,,,,,1,,,
CompleteGumtreeMatcher,12,4,328,3,0.3,,400,,,,,1,,,
CompleteGumtreeMatcher,12,4,356,3,0.3,,500,,,,,1,,,
CompleteGumtreeMatcher,12,4,332,3,0.3,,600,,,,,1,,,
CompleteGumtreeMatcher,12,4,361,3,0.3,,700,,,,,1,,,
CompleteGumtreeMatcher,12,4,344,3,0.3,,800,,,,,1,,,
CompleteGumtreeMatcher,12,4,353,3,0.3,,900,,,,,1,,,
CompleteGumtreeMatcher,12,4,329,3,0.3,,1000,,,,,1,,,
CompleteGumtreeMatcher,12,4,317,3,0.3,,1100,,,,,1,,,
CompleteGumtreeMatcher,12,4,265,3,0.3,,1200,,,,,1,,,
CompleteGumtreeMatcher,12,4,313,3,0.3,,1300,,,,,1,,,
CompleteGumtreeMatcher,12,4,318,3,0.3,,1400,,,,,1,,,
CompleteGumtreeMatcher,12,4,319,3,0.3,,1500,,,,,1,,,
CompleteGumtreeMatcher,12,4,318,3,0.3,,1600,,,,,1,,,
CompleteGumtreeMatcher,12,4,288,3,0.3,,1700,,,,,1,,,
CompleteGumtreeMatcher,12,4,312,3,0.3,,1800,,,,,1,,,
CompleteGumtreeMatcher,12,4,328,3,0.3,,1900,,,,,1,,,
CompleteGumtreeMatcher,12,4,303,3,0.3,,2000,,,,,1,,,
CompleteGumtreeMatcher,204,19,1,3,0.3,,100,,,,,2,,,
CompleteGumtreeMatcher,204,19,13,3,0.3,,200,,,,,2,,,
CompleteGumtreeMatcher,3,1,290,3,0.3,,300,,,,,2,,,
CompleteGumtreeMatcher,3,1,331,3,0.3,,400,,,,,2,,,
CompleteGumtreeMatcher,3,1,321,3,0.3,,500,,,,,2,,,
CompleteGumtreeMatcher,3,1,322,3,0.3,,600,,,,,2,,,
CompleteGumtreeMatcher,3,1,331,3,0.3,,700,,,,,2,,,
CompleteGumtreeMatcher,3,1,343,3,0.3,,800,,,,,2,,,
CompleteGumtreeMatcher,3,1,330,3,0.3,,900,,,,,2,,,
CompleteGumtreeMatcher,3,1,326,3,0.3,,1000,,,,,2,,,
CompleteGumtreeMatcher,3,1,310,3,0.3,,1100,,,,,2,,,
CompleteGumtreeMatcher,3,1,336,3,0.3,,1200,,,,,2,,,
CompleteGumtreeMatcher,3,1,334,3,0.3,,1300,,,,,2,,,
CompleteGumtreeMatcher,3,1,317,3,0.3,,1400,,,,,2,,,
CompleteGumtreeMatcher,3,1,305,3,0.3,,1500,,,,,2,,,
CompleteGumtreeMatcher,3,1,318,3,0.3,,1600,,,,,2,,,
CompleteGumtreeMatcher,3,1,304,3,0.3,,1700,,,,,2,,,
CompleteGumtreeMatcher,3,1,286,3,0.3,,1800,,,,,2,,,
CompleteGumtreeMatcher,3,1,322,3,0.3,,1900,,,,,2,,,
CompleteGumtreeMatcher,3,1,312,3,0.3,,2000,,,,,2,,,
CompleteGumtreeMatcher,265,12,1,3,0.3,,100,,,,,3,,,
CompleteGumtreeMatcher,265,12,1,3,0.3,,200,,,,,3,,,
CompleteGumtreeMatcher,3,1,302,3,0.3,,300,,,,,3,,,
CompleteGumtreeMatcher,3,1,352,3,0.3,,400,,,,,3,,,
CompleteGumtreeMatcher,3,1,285,3,0.3,,500,,,,,3,,,
CompleteGumtreeMatcher,3,1,309,3,0.3,,600,,,,,3,,,
CompleteGumtreeMatcher,3,1,324,3,0.3,,700,,,,,3,,,
CompleteGumtreeMatcher,3,1,326,3,0.3,,800,,,,,3,,,
CompleteGumtreeMatcher,3,1,338,3,0.3,,900,,,,,3,,,
CompleteGumtreeMatcher,3,1,323,3,0.3,,1000,,,,,3,,,
CompleteGumtreeMatcher,3,1,343,3,0.3,,1100,,,,,3,,,
CompleteGumtreeMatcher,3,1,336,3,0.3,,1200,,,,,3,,,
CompleteGumtreeMatcher,3,1,326,3,0.3,,1300,,,,,3,,,
CompleteGumtreeMatcher,3,1,313,3,0.3,,1400,,,,,3,,,
CompleteGumtreeMatcher,3,1,320,3,0.3,,1500,,,,,3,,,
CompleteGumtreeMatcher,3,1,288,3,0.3,,1600,,,,,3,,,
CompleteGumtreeMatcher,3,1,314,3,0.3,,1700,,,,,3,,,
CompleteGumtreeMatcher,3,1,301,3,0.3,,1800,,,,,3,,,
CompleteGumtreeMatcher,3,1,302,3,0.3,,1900,,,,,3,,,
CompleteGumtreeMatcher,3,1,287,3,0.3,,2000,,,,,3,,,
CompleteGumtreeMatcher,313,8,1,3,0.3,,100,,,,,4,,,
CompleteGumtreeMatcher,313,8,1,3,0.3,,200,,,,,4,,,
CompleteGumtreeMatcher,3,1,311,3,0.3,,300,,,,,4,,,
CompleteGumtreeMatcher,3,1,316,3,0.3,,400,,,,,4,,,
CompleteGumtreeMatcher,3,1,294,3,0.3,,500,,,,,4,,,
CompleteGumtreeMatcher,3,1,315,3,0.3,,600,,,,,4,,,
CompleteGumtreeMatcher,3,1,311,3,0.3,,700,,,,,4,,,
CompleteGumtreeMatcher,3,1,281,3,0.3,,800,,,,,4,,,
CompleteGumtreeMatcher,3,1,278,3,0.3,,900,,,,,4,,,
CompleteGumtreeMatcher,3,1,327,3,0.3,,1000,,,,,4,,,
CompleteGumtreeMatcher,3,1,287,3,0.3,,1100,,,,,4,,,
CompleteGumtreeMatcher,3,1,271,3,0.3,,1200,,,,,4,,,
CompleteGumtreeMatcher,3,1,327,3,0.3,,1300,,,,,4,,,
CompleteGumtreeMatcher,3,1,301,3,0.3,,1400,,,,,4,,,
CompleteGumtreeMatcher,3,1,323,3,0.3,,1500,,,,,4,,,
CompleteGumtreeMatcher,3,1,320,3,0.3,,1600,,,,,4,,,
CompleteGumtreeMatcher,3,1,333,3,0.3,,1700,,,,,4,,,
CompleteGumtreeMatcher,3,1,318,3,0.3,,1800,,,,,4,,,
CompleteGumtreeMatcher,3,1,335,3,0.3,,1900,,,,,4,,,
CompleteGumtreeMatcher,3,1,337,3,0.3,,2000,,,,,4,,,
CompleteGumtreeMatcher,343,6,1,3,0.3,,100,,,,,5,,,
CompleteGumtreeMatcher,343,6,26,3,0.3,,200,,,,,5,,,
CompleteGumtreeMatcher,3,1,315,3,0.3,,300,,,,,5,,,
CompleteGumtreeMatcher,3,1,318,3,0.3,,400,,,,,5,,,
CompleteGumtreeMatcher,3,1,290,3,0.3,,500,,,,,5,,,
CompleteGumtreeMatcher,3,1,307,3,0.3,,600,,,,,5,,,
CompleteGumtreeMatcher,3,1,290,3,0.3,,700,,,,,5,,,
CompleteGumtreeMatcher,3,1,301,3,0.3,,800,,,,,5,,,
CompleteGumtreeMatcher,3,1,310,3,0.3,,900,,,,,5,,,
CompleteGumtreeMatcher,3,1,287,3,0.3,,1000,,,,,5,,,
CompleteGumtreeMatcher,3,1,291,3,0.3,,1100,,,,,5,,,
CompleteGumtreeMatcher,3,1,294,3,0.3,,1200,,,,,5,,,
CompleteGumtreeMatcher,3,1,297,3,0.3,,1300,,,,,5,,,
CompleteGumtreeMatcher,3,1,318,3,0.3,,1400,,,,,5,,,
CompleteGumtreeMatcher,3,1,346,3,0.3,,1500,,,,,5,,,
CompleteGumtreeMatcher,3,1,326,3,0.3,,1600,,,,,5,,,
CompleteGumtreeMatcher,3,1,314,3,0.3,,1700,,,,,5,,,
CompleteGumtreeMatcher,3,1,310,3,0.3,,1800,,,,,5,,,
CompleteGumtreeMatcher,3,1,319,3,0.3,,1900,,,,,5,,,
CompleteGumtreeMatcher,3,1,335,3,0.3,,2000,,,,,5,,,
CompleteGumtreeMatcher,71,47,1,3,0.4,,100,,,,,1,,,
CompleteGumtreeMatcher,71,47,1,3,0.4,,200,,,,,1,,,
CompleteGumtreeMatcher,12,4,305,3,0.4,,300,,,,,1,,,
CompleteGumtreeMatcher,12,4,343,3,0.4,,400,,,,,1,,,
CompleteGumtreeMatcher,12,4,345,3,0.4,,500,,,,,1,,,
CompleteGumtreeMatcher,12,4,291,3,0.4,,600,,,,,1,,,
CompleteGumtreeMatcher,12,4,329,3,0.4,,700,,,,,1,,,
CompleteGumtreeMatcher,12,4,315,3,0.4,,800,,,,,1,,,
CompleteGumtreeMatcher,12,4,306,3,0.4,,900,,,,,1,,,
CompleteGumtreeMatcher,12,4,325,3,0.4,,1000,,,,,1,,,
CompleteGumtreeMatcher,12,4,316,3,0.4,,1100,,,,,1,,,
CompleteGumtreeMatcher,12,4,322,3,0.4,,1200,,,,,1,,,
CompleteGumtreeMatcher,12,4,322,3,0.4,,1300,,,,,1,,,
CompleteGumtreeMatcher,12,4,311,3,0.4,,1400,,,,,1,,,
CompleteGumtreeMatcher,12,4,298,3,0.4,,1500,,,,,1,,,
CompleteGumtreeMatcher,12,4,290,3,0.4,,1600,,,,,1,,,
CompleteGumtreeMatcher,12,4,296,3,0.4,,1700,,,,,1,,,
CompleteGumtreeMatcher,12,4,307,3,0.4,,1800,,,,,1,,,
CompleteGumtreeMatcher,12,4,302,3,0.4,,1900,,,,,1,,,
CompleteGumtreeMatcher,12,4,296,3,0.4,,2000,,,,,1,,,
CompleteGumtreeMatcher,204,19,1,3,0.4,,100,,,,,2,,,
CompleteGumtreeMatcher,204,19,1,3,0.4,,200,,,,,2,,,
CompleteGumtreeMatcher,3,1,291,3,0.4,,300,,,,,2,,,
CompleteGumtreeMatcher,3,1,283,3,0.4,,400,,,,,2,,,
CompleteGumtreeMatcher,3,1,274,3,0.4,,500,,,,,2,,,
CompleteGumtreeMatcher,3,1,332,3,0.4,,600,,,,,2,,,
CompleteGumtreeMatcher,3,1,347,3,0.4,,700,,,,,2,,,
CompleteGumtreeMatcher,3,1,373,3,0.4,,800,,,,,2,,,
CompleteGumtreeMatcher,3,1,474,3,0.4,,900,,,,,2,,,
CompleteGumtreeMatcher,3,1,332,3,0.4,,1000,,,,,2,,,
CompleteGumtreeMatcher,3,1,344,3,0.4,,1100,,,,,2,,,
CompleteGumtreeMatcher,3,1,459,3,0.4,,1200,,,,,2,,,
CompleteGumtreeMatcher,3,1,481,3,0.4,,1300,,,,,2,,,
CompleteGumtreeMatcher,3,1,516,3,0.4,,1400,,,,,2,,,
CompleteGumtreeMatcher,3,1,607,3,0.4,,1500,,,,,2,,,
CompleteGumtreeMatcher,3,1,570,3,0.4,,1600,,,,,2,,,
CompleteGumtreeMatcher,3,1,551,3,0.4,,1700,,,,,2,,,
CompleteGumtreeMatcher,3,1,577,3,0.4,,1800,,,,,2,,,
CompleteGumtreeMatcher,3,1,619,3,0.4,,1900,,,,,2,,,
CompleteGumtreeMatcher,3,1,582,3,0.4,,2000,,,,,2,,,
CompleteGumtreeMatcher,265,12,21,3,0.4,,100,,,,,3,,,
CompleteGumtreeMatcher,265,12,2,3,0.4,,200,,,,,3,,,
CompleteGumtreeMatcher,3,1,517,3,0.4,,300,,,,,3,,,
CompleteGumtreeMatcher,3,1,520,3,0.4,,400,,,,,3,,,
CompleteGumtreeMatcher,3,1,472,3,0.4,,500,,,,,3,,,
CompleteGumtreeMatcher,3,1,532,3,0.4,,600,,,,,3,,,
CompleteGumtreeMatcher,3,1,420,3,0.4,,700,,,,,3,,,
CompleteGumtreeMatcher,3,1,473,3,0.4,,800,,,,,3,,,
CompleteGumtreeMatcher,3,1,467,3,0.4,,900,,,,,3,,,
CompleteGumtreeMatcher,3,1,477,3,0.4,,1000,,,,,3,,,
CompleteGumtreeMatcher,3,1,503,3,0.4,,1100,,,,,3,,,
CompleteGumtreeMatcher,3,1,432,3,0.4,,1200,,,,,3,,,
CompleteGumtreeMatcher,3,1,451,3,0.4,,1300,,,,,3,,,
CompleteGumtreeMatcher,3,1,435,3,0.4,,1400,,,,,3,,,
CompleteGumtreeMatcher,3,1,422,3,0.4,,1500,,,,,3,,,
CompleteGumtreeMatcher,3,1,387,3,0.4,,1600,,,,,3,,,
CompleteGumtreeMatcher,3,1,405,3,0.4,,1700,,,,,3,,,
CompleteGumtreeMatcher,3,1,402,3,0.4,,1800,,,,,3,,,
CompleteGumtreeMatcher,3,1,390,3,0.4,,1900,,,,,3,,,
CompleteGumtreeMatcher,3,1,467,3,0.4,,2000,,,,,3,,,
CompleteGumtreeMatcher,313,8,1,3,0.4,,100,,,,,4,,,
CompleteGumtreeMatcher,313,8,1,3,0.4,,200,,,,,4,,,
CompleteGumtreeMatcher,3,1,489,3,0.4,,300,,,,,4,,,
CompleteGumtreeMatcher,3,1,462,3,0.4,,400,,,,,4,,,
CompleteGumtreeMatcher,3,1,333,3,0.4,,500,,,,,4,,,
CompleteGumtreeMatcher,3,1,449,3,0.4,,600,,,,,4,,,
CompleteGumtreeMatcher,3,1,392,3,0.4,,700,,,,,4,,,
CompleteGumtreeMatcher,3,1,516,3,0.4,,800,,,,,4,,,
CompleteGumtreeMatcher,3,1,515,3,0.4,,900,,,,,4,,,
CompleteGumtreeMatcher,3,1,508,3,0.4,,1000,,,,,4,,,
CompleteGumtreeMatcher,3,1,523,3,0.4,,1100,,,,,4,,,
CompleteGumtreeMatcher,3,1,556,3,0.4,,1200,,,,,4,,,
CompleteGumtreeMatcher,3,1,428,3,0.4,,1300,,,,,4,,,
CompleteGumtreeMatcher,3,1,465,3,0.4,,1400,,,,,4,,,
CompleteGumtreeMatcher,3,1,430,3,0.4,,1500,,,,,4,,,
CompleteGumtreeMatcher,3,1,425,3,0.4,,1600,,,,,4,,,
CompleteGumtreeMatcher,3,1,400,3,0.4,,1700,,,,,4,,,
CompleteGumtreeMatcher,3,1,418,3,0.4,,1800,,,,,4,,,
CompleteGumtreeMatcher,3,1,373,3,0.4,,1900,,,,,4,,,
CompleteGumtreeMatcher,3,1,334,3,0.4,,2000,,,,,4,,,
CompleteGumtreeMatcher,343,6,1,3,0.4,,100,,,,,5,,,
CompleteGumtreeMatcher,343,6,1,3,0.4,,200,,,,,5,,,
CompleteGumtreeMatcher,3,1,341,3,0.4,,300,,,,,5,,,
CompleteGumtreeMatcher,3,1,333,3,0.4,,400,,,,,5,,,
CompleteGumtreeMatcher,3,1,353,3,0.4,,500,,,,,5,,,
CompleteGumtreeMatcher,3,1,326,3,0.4,,600,,,,,5,,,
CompleteGumtreeMatcher,3,1,327,3,0.4,,700,,,,,5,,,
CompleteGumtreeMatcher,3,1,415,3,0.4,,800,,,,,5,,,
CompleteGumtreeMatcher,3,1,308,3,0.4,,900,,,,,5,,,
CompleteGumtreeMatcher,3,1,343,3,0.4,,1000,,,,,5,,,
CompleteGumtreeMatcher,3,1,389,3,0.4,,1100,,,,,5,,,
CompleteGumtreeMatcher,3,1,433,3,0.4,,1200,,,,,5,,,
CompleteGumtreeMatcher,3,1,423,3,0.4,,1300,,,,,5,,,
CompleteGumtreeMatcher,3,1,424,3,0.4,,1400,,,,,5,,,
CompleteGumtreeMatcher,3,1,436,3,0.4,,1500,,,,,5,,,
CompleteGumtreeMatcher,3,1,435,3,0.4,,1600,,,,,5,,,
CompleteGumtreeMatcher,3,1,446,3,0.4,,1700,,,,,5,,,
CompleteGumtreeMatcher,3,1,463,3,0.4,,1800,,,,,5,,,
CompleteGumtreeMatcher,3,1,404,3,0.4,,1900,,,,,5,,,
CompleteGumtreeMatcher,3,1,467,3,0.4,,2000,,,,,5,,,
CompleteGumtreeMatcher,71,47,19,3,0.5,,100,,,,,1,,,
CompleteGumtreeMatcher,71,47,2,3,0.5,,200,,,,,1,,,
CompleteGumtreeMatcher,12,4,391,3,0.5,,300,,,,,1,,,
CompleteGumtreeMatcher,12,4,364,3,0.5,,400,,,,,1,,,
CompleteGumtreeMatcher,12,4,336,3,0.5,,500,,,,,1,,,
CompleteGumtreeMatcher,12,4,358,3,0.5,,600,,,,,1,,,
CompleteGumtreeMatcher,12,4,338,3,0.5,,700,,,,,1,,,
CompleteGumtreeMatcher,12,4,347,3,0.5,,800,,,,,1,,,
CompleteGumtreeMatcher,12,4,320,3,0.5,,900,,,,,1,,,
CompleteGumtreeMatcher,12,4,353,3,0.5,,1000,,,,,1,,,
CompleteGumtreeMatcher,12,4,336,3,0.5,,1100,,,,,1,,,
CompleteGumtreeMatcher,12,4,309,3,0.5,,1200,,,,,1,,,
CompleteGumtreeMatcher,12,4,320,3,0.5,,1300,,,,,1,,,
CompleteGumtreeMatcher,12,4,327,3,0.5,,1400,,,,,1,,,
CompleteGumtreeMatcher,12,4,305,3,0.5,,1500,,,,,1,,,
CompleteGumtreeMatcher,12,4,349,3,0.5,,1600,,,,,1,,,
CompleteGumtreeMatcher,12,4,432,3,0.5,,1700,,,,,1,,,
CompleteGumtreeMatcher,12,4,385,3,0.5,,1800,,,,,1,,,
CompleteGumtreeMatcher,12,4,367,3,0.5,,1900,,,,,1,,,
CompleteGumtreeMatcher,12,4,351,3,0.5,,2000,,,,,1,,,
CompleteGumtreeMatcher,204,19,1,3,0.5,,100,,,,,2,,,
CompleteGumtreeMatcher,204,19,11,3,0.5,,200,,,,,2,,,
CompleteGumtreeMatcher,3,1,368,3,0.5,,300,,,,,2,,,
CompleteGumtreeMatcher,3,1,372,3,0.5,,400,,,,,2,,,
CompleteGumtreeMatcher,3,1,385,3,0.5,,500,,,,,2,,,
CompleteGumtreeMatcher,3,1,391,3,0.5,,600,,,,,2,,,
CompleteGumtreeMatcher,3,1,395,3,0.5,,700,,,,,2,,,
CompleteGumtreeMatcher,3,1,374,3,0.5,,800,,,,,2,,,
CompleteGumtreeMatcher,3,1,333,3,0.5,,900,,,,,2,,,
CompleteGumtreeMatcher,3,1,353,3,0.5,,1000,,,,,2,,,
CompleteGumtreeMatcher,3,1,324,3,0.5,,1100,,,,,2,,,
CompleteGumtreeMatcher,3,1,321,3,0.5,,1200,,,,,2,,,
CompleteGumtreeMatcher,3,1,334,3,0.5,,1300,,,,,2,,,
CompleteGumtreeMatcher,3,1,315,3,0.5,,1400,,,,,2,,,
CompleteGumtreeMatcher,3,1,314,3,0.5,,1500,,,,,2,,,
CompleteGumtreeMatcher,3,1,347,3,0.5,,1600,,,,,2,,,
CompleteGumtreeMatcher,3,1,306,3,0.5,,1700,,,,,2,,,
CompleteGumtreeMatcher,3,1,291,3,0.5,,1800,,,,,2,,,
CompleteGumtreeMatcher,3,1,305,3,0.5,,1900,,,,,2,,,
CompleteGumtreeMatcher,3,1,319,3,0.5,,2000,,,,,2,,,
CompleteGumtreeMatcher,265,12,1,3,0.5,,100,,,,,3,,,
CompleteGumtreeMatcher,265,12,1,3,0.5,,200,,,,,3,,,
CompleteGumtreeMatcher,3,1,330,3,0.5,,300,,,,,3,,,
CompleteGumtreeMatcher,3,1,305,3,0.5,,400,,,,,3,,,
CompleteGumtreeMatcher,3,1,312,3,0.5,,500,,,,,3,,,
CompleteGumtreeMatcher,3,1,306,3,0.5,,600,,,,,3,,,
CompleteGumtreeMatcher,3,1,284,3,0.5,,700,,,,,3,,,
CompleteGumtreeMatcher,3,1,378,3,0.5,,800,,,,,3,,,
CompleteGumtreeMatcher,3,1,359,3,0.5,,900,,,,,3,,,
CompleteGumtreeMatcher,3,1,432,3,0.5,,1000,,,,,3,,,
CompleteGumtreeMatcher,3,1,432,3,0.5,,1100,,,,,3,,,
CompleteGumtreeMatcher,3,1,421,3,0.5,,1200,,,,,3,,,
CompleteGumtreeMatcher,3,1,454,3,0.5,,1300,,,,,3,,,
CompleteGumtreeMatcher,3,1,422,3,0.5,,1400,,,,,3,,,
CompleteGumtreeMatcher,3,1,431,3,0.5,,1500,,,,,3,,,
CompleteGumtreeMatcher,3,1,447,3,0.5,,1600,,,,,3,,,
CompleteGumtreeMatcher,3,1,485,3,0.5,,1700,,,,,3,,,
CompleteGumtreeMatcher,3,1,383,3,0.5,,1800,,,,,3,,,
CompleteGumtreeMatcher,3,1,362,3,0.5,,1900,,,,,3,,,
CompleteGumtreeMatcher,3,1,317,3,0.5,,2000,,,,,3,,,
CompleteGumtreeMatcher,313,8,1,3,0.5,,100,,,,,4,,,
CompleteGumtreeMatcher,313,8,1,3,0.5,,200,,,,,4,,,
CompleteGumtreeMatcher,3,1,291,3,0.5,,300,,,,,4,,,
CompleteGumtreeMatcher,3,1,328,3,0.5,,400,,,,,4,,,
CompleteGumtreeMatcher,3,1,312,3,0.5,,500,,,,,4,,,
CompleteGumtreeMatcher,3,1,320,3,0.5,,600,,,,,4,,,
CompleteGumtreeMatcher,3,1,335,3,0.5,,700,,,,,4,,,
CompleteGumtreeMatcher,3,1,355,3,0.5,,800,,,,,4,,,
CompleteGumtreeMatcher,3,1,321,3,0.5,,900,,,,,4,,,
CompleteGumtreeMatcher,3,1,375,3,0.5,,1000,,,,,4,,,
CompleteGumtreeMatcher,3,1,327,3,0.5,,1100,,,,,4,,,
CompleteGumtreeMatcher,3,1,347,3,0.5,,1200,,,,,4,,,
CompleteGumtreeMatcher,3,1,384,3,0.5,,1300,,,,,4,,,
CompleteGumtreeMatcher,3,1,355,3,0.5,,1400,,,,,4,,,
CompleteGumtreeMatcher,3,1,339,3,0.5,,1500,,,,,4,,,
CompleteGumtreeMatcher,3,1,358,3,0.5,,1600,,,,,4,,,
CompleteGumtreeMatcher,3,1,322,3,0.5,,1700,,,,,4,,,
CompleteGumtreeMatcher,3,1,310,3,0.5,,1800,,,,,4,,,
CompleteGumtreeMatcher,3,1,319,3,0.5,,1900,,,,,4,,,
CompleteGumtreeMatcher,3,1,301,3,0.5,,2000,,,,,4,,,
CompleteGumtreeMatcher,343,6,1,3,0.5,,100,,,,,5,,,
CompleteGumtreeMatcher,343,6,1,3,0.5,,200,,,,,5,,,
CompleteGumtreeMatcher,3,1,306,3,0.5,,300,,,,,5,,,
CompleteGumtreeMatcher,3,1,313,3,0.5,,400,,,,,5,,,
CompleteGumtreeMatcher,3,1,293,3,0.5,,500,,,,,5,,,
CompleteGumtreeMatcher,3,1,281,3,0.5,,600,,,,,5,,,
CompleteGumtreeMatcher,3,1,297,3,0.5,,700,,,,,5,,,
CompleteGumtreeMatcher,3,1,298,3,0.5,,800,,,,,5,,,
CompleteGumtreeMatcher,3,1,294,3,0.5,,900,,,,,5,,,
CompleteGumtreeMatcher,3,1,307,3,0.5,,1000,,,,,5,,,
CompleteGumtreeMatcher,3,1,297,3,0.5,,1100,,,,,5,,,
CompleteGumtreeMatcher,3,1,300,3,0.5,,1200,,,,,5,,,
CompleteGumtreeMatcher,3,1,280,3,0.5,,1300,,,,,5,,,
CompleteGumtreeMatcher,3,1,281,3,0.5,,1400,,,,,5,,,
CompleteGumtreeMatcher,3,1,278,3,0.5,,1500,,,,,5,,,
CompleteGumtreeMatcher,3,1,299,3,0.5,,1600,,,,,5,,,
CompleteGumtreeMatcher,3,1,303,3,0.5,,1700,,,,,5,,,
CompleteGumtreeMatcher,3,1,286,3,0.5,,1800,,,,,5,,,
CompleteGumtreeMatcher,3,1,295,3,0.5,,1900,,,,,5,,,
CompleteGumtreeMatcher,3,1,266,3,0.5,,2000,,,,,5,,,
CompleteGumtreeMatcher,71,47,1,3,0.6,,100,,,,,1,,,
CompleteGumtreeMatcher,71,47,2,3,0.6,,200,,,,,1,,,
CompleteGumtreeMatcher,12,4,300,3,0.6,,300,,,,,1,,,
CompleteGumtreeMatcher,12,4,274,3,0.6,,400,,,,,1,,,
CompleteGumtreeMatcher,12,4,318,3,0.6,,500,,,,,1,,,
CompleteGumtreeMatcher,12,4,314,3,0.6,,600,,,,,1,,,
CompleteGumtreeMatcher,12,4,310,3,0.6,,700,,,,,1,,,
CompleteGumtreeMatcher,12,4,288,3,0.6,,800,,,,,1,,,
CompleteGumtreeMatcher,12,4,281,3,0.6,,900,,,,,1,,,
CompleteGumtreeMatcher,12,4,315,3,0.6,,1000,,,,,1,,,
CompleteGumtreeMatcher,12,4,290,3,0.6,,1100,,,,,1,,,
CompleteGumtreeMatcher,12,4,311,3,0.6,,1200,,,,,1,,,
CompleteGumtreeMatcher,12,4,316,3,0.6,,1300,,,,,1,,,
CompleteGumtreeMatcher,12,4,298,3,0.6,,1400,,,,,1,,,
CompleteGumtreeMatcher,12,4,300,3,0.6,,1500,,,,,1,,,
CompleteGumtreeMatcher,12,4,297,3,0.6,,1600,,,,,1,,,
CompleteGumtreeMatcher,12,4,286,3,0.6,,1700,,,,,1,,,
CompleteGumtreeMatcher,12,4,292,3,0.6,,1800,,,,,1,,,
CompleteGumtreeMatcher,12,4,308,3,0.6,,1900,,,,,1,,,
CompleteGumtreeMatcher,12,4,306,3,0.6,,2000,,,,,1,,,
CompleteGumtreeMatcher,204,19,1,3,0.6,,100,,,,,2,,,
CompleteGumtreeMatcher,204,19,1,3,0.6,,200,,,,,2,,,
CompleteGumtreeMatcher,3,1,266,3,0.6,,300,,,,,2,,,
CompleteGumtreeMatcher,3,1,277,3,0.6,,400,,,,,2,,,
CompleteGumtreeMatcher,3,1,314,3,0.6,,500,,,,,2,,,
CompleteGumtreeMatcher,3,1,294,3,0.6,,600,,,,,2,,,
CompleteGumtreeMatcher,3,1,293,3,0.6,,700,,,,,2,,,
CompleteGumtreeMatcher,3,1,283,3,0.6,,800,,,,,2,,,
CompleteGumtreeMatcher,3,1,299,3,0.6,,900,,,,,2,,,
CompleteGumtreeMatcher,3,1,261,3,0.6,,1000,,,,,2,,,
CompleteGumtreeMatcher,3,1,308,3,0.6,,1100,,,,,2,,,
CompleteGumtreeMatcher,3,1,294,3,0.6,,1200,,,,,2,,,
CompleteGumtreeMatcher,3,1,286,3,0.6,,1300,,,,,2,,,
CompleteGumtreeMatcher,3,1,296,3,0.6,,1400,,,,,2,,,
CompleteGumtreeMatcher,3,1,279,3,0.6,,1500,,,,,2,,,
CompleteGumtreeMatcher,3,1,302,3,0.6,,1600,,,,,2,,,
CompleteGumtreeMatcher,3,1,305,3,0.6,,1700,,,,,2,,,
CompleteGumtreeMatcher,3,1,289,3,0.6,,1800,,,,,2,,,
CompleteGumtreeMatcher,3,1,301,3,0.6,,1900,,,,,2,,,
CompleteGumtreeMatcher,3,1,306,3,0.6,,2000,,,,,2,,,
CompleteGumtreeMatcher,265,12,1,3,0.6,,100,,,,,3,,,
CompleteGumtreeMatcher,265,12,2,3,0.6,,200,,,,,3,,,
CompleteGumtreeMatcher,3,1,299,3,0.6,,300,,,,,3,,,
CompleteGumtreeMatcher,3,1,266,3,0.6,,400,,,,,3,,,
CompleteGumtreeMatcher,3,1,293,3,0.6,,500,,,,,3,,,
CompleteGumtreeMatcher,3,1,293,3,0.6,,600,,,,,3,,,
CompleteGumtreeMatcher,3,1,296,3,0.6,,700,,,,,3,,,
CompleteGumtreeMatcher,3,1,304,3,0.6,,800,,,,,3,,,
CompleteGumtreeMatcher,3,1,301,3,0.6,,900,,,,,3,,,
CompleteGumtreeMatcher,3,1,283,3,0.6,,1000,,,,,3,,,
CompleteGumtreeMatcher,3,1,307,3,0.6,,1100,,,,,3,,,
CompleteGumtreeMatcher,3,1,281,3,0.6,,1200,,,,,3,,,
CompleteGumtreeMatcher,3,1,303,3,0.6,,1300,,,,,3,,,
CompleteGumtreeMatcher,3,1,278,3,0.6,,1400,,,,,3,,,
CompleteGumtreeMatcher,3,1,291,3,0.6,,1500,,,,,3,,,
CompleteGumtreeMatcher,3,1,294,3,0.6,,1600,,,,,3,,,
CompleteGumtreeMatcher,3,1,293,3,0.6,,1700,,,,,3,,,
CompleteGumtreeMatcher,3,1,288,3,0.6,,1800,,,,,3,,,
CompleteGumtreeMatcher,3,1,302,3,0.6,,1900,,,,,3,,,
CompleteGumtreeMatcher,3,1,274,3,0.6,,2000,,,,,3,,,
CompleteGumtreeMatcher,313,8,16,3,0.6,,100,,,,,4,,,
CompleteGumtreeMatcher,313,8,1,3,0.6,,200,,,,,4,,,
CompleteGumtreeMatcher,3,1,310,3,0.6,,300,,,,,4,,,
CompleteGumtreeMatcher,3,1,303,3,0.6,,400,,,,,4,,,
CompleteGumtreeMatcher,3,1,307,3,0.6,,500,,,,,4,,,
CompleteGumtreeMatcher,3,1,302,3,0.6,,600,,,,,4,,,
CompleteGumtreeMatcher,3,1,319,3,0.6,,700,,,,,4,,,
CompleteGumtreeMatcher,3,1,318,3,0.6,,800,,,,,4,,,
CompleteGumtreeMatcher,3,1,340,3,0.6,,900,,,,,4,,,
CompleteGumtreeMatcher,3,1,362,3,0.6,,1000,,,,,4,,,
CompleteGumtreeMatcher,3,1,345,3,0.6,,1100,,,,,4,,,
CompleteGumtreeMatcher,3,1,332,3,0.6,,1200,,,,,4,,,
CompleteGumtreeMatcher,3,1,378,3,0.6,,1300,,,,,4,,,
CompleteGumtreeMatcher,3,1,352,3,0.6,,1400,,,,,4,,,
CompleteGumtreeMatcher,3,1,363,3,0.6,,1500,,,,,4,,,
CompleteGumtreeMatcher,3,1,403,3,0.6,,1600,,,,,4,,,
CompleteGumtreeMatcher,3,1,363,3,0.6,,1700,,,,,4,,,
CompleteGumtreeMatcher,3,1,444,3,0.6,,1800,,,,,4,,,
CompleteGumtreeMatcher,3,1,444,3,0.6,,1900,,,,,4,,,
CompleteGumtreeMatcher,3,1,394,3,0.6,,2000,,,,,4,,,
CompleteGumtreeMatcher,343,6,51,3,0.6,,100,,,,,5,,,
CompleteGumtreeMatcher,343,6,1,3,0.6,,200,,,,,5,,,
CompleteGumtreeMatcher,3,1,398,3,0.6,,300,,,,,5,,,
CompleteGumtreeMatcher,3,1,367,3,0.6,,400,,,,,5,,,
CompleteGumtreeMatcher,3,1,404,3,0.6,,500,,,,,5,,,
CompleteGumtreeMatcher,3,1,375,3,0.6,,600,,,,,5,,,
CompleteGumtreeMatcher,3,1,373,3,0.6,,700,,,,,5,,,
CompleteGumtreeMatcher,3,1,381,3,0.6,,800,,,,,5,,,
CompleteGumtreeMatcher,3,1,385,3,0.6,,900,,,,,5,,,
CompleteGumtreeMatcher,3,1,340,3,0.6,,1000,,,,,5,,,
CompleteGumtreeMatcher,3,1,354,3,0.6,,1100,,,,,5,,,
CompleteGumtreeMatcher,3,1,399,3,0.6,,1200,,,,,5,,,
CompleteGumtreeMatcher,3,1,341,3,0.6,,1300,,,,,5,,,
CompleteGumtreeMatcher,3,1,362,3,0.6,,1400,,,,,5,,,
CompleteGumtreeMatcher,3,1,343,3,0.6,,1500,,,,,5,,,
CompleteGumtreeMatcher,3,1,349,3,0.6,,1600,,,,,5,,,
CompleteGumtreeMatcher,3,1,361,3,0.6,,1700,,,,,5,,,
CompleteGumtreeMatcher,3,1,346,3,0.6,,1800,,,,,5,,,
CompleteGumtreeMatcher,3,1,320,3,0.6,,1900,,,,,5,,,
CompleteGumtreeMatcher,3,1,304,3,0.6,,2000,,,,,5,,,
CompleteGumtreeMatcher,71,47,1,3,0.7,,100,,,,,1,,,
CompleteGumtreeMatcher,71,47,1,3,0.7,,200,,,,,1,,,
CompleteGumtreeMatcher,12,4,299,3,0.7,,300,,,,,1,,,
CompleteGumtreeMatcher,12,4,311,3,0.7,,400,,,,,1,,,
CompleteGumtreeMatcher,12,4,278,3,0.7,,500,,,,,1,,,
CompleteGumtreeMatcher,12,4,270,3,0.7,,600,,,,,1,,,
CompleteGumtreeMatcher,12,4,274,3,0.7,,700,,,,,1,,,
CompleteGumtreeMatcher,12,4,287,3,0.7,,800,,,,,1,,,
CompleteGumtreeMatcher,12,4,297,3,0.7,,900,,,,,1,,,
CompleteGumtreeMatcher,12,4,284,3,0.7,,1000,,,,,1,,,
CompleteGumtreeMatcher,12,4,292,3,0.7,,1100,,,,,1,,,
CompleteGumtreeMatcher,12,4,306,3,0.7,,1200,,,,,1,,,
CompleteGumtreeMatcher,12,4,298,3,0.7,,1300,,,,,1,,,
CompleteGumtreeMatcher,12,4,292,3,0.7,,1400,,,,,1,,,
CompleteGumtreeMatcher,12,4,273,3,0.7,,1500,,,,,1,,,
CompleteGumtreeMatcher,12,4,267,3,0.7,,1600,,,,,1,,,
CompleteGumtreeMatcher,12,4,292,3,0.7,,1700,,,,,1,,,
CompleteGumtreeMatcher,12,4,292,3,0.7,,1800,,,,,1,,,
CompleteGumtreeMatcher,12,4,290,3,0.7,,1900,,,,,1,,,
CompleteGumtreeMatcher,12,4,287,3,0.7,,2000,,,,,1,,,
CompleteGumtreeMatcher,204,19,0,3,0.7,,100,,,,,2,,,
CompleteGumtreeMatcher,204,19,1,3,0.7,,200,,,,,2,,,
CompleteGumtreeMatcher,3,1,299,3,0.7,,300,,,,,2,,,
CompleteGumtreeMatcher,3,1,272,3,0.7,,400,,,,,2,,,
CompleteGumtreeMatcher,3,1,299,3,0.7,,500,,,,,2,,,
CompleteGumtreeMatcher,3,1,315,3,0.7,,600,,,,,2,,,
CompleteGumtreeMatcher,3,1,296,3,0.7,,700,,,,,2,,,
CompleteGumtreeMatcher,3,1,298,3,0.7,,800,,,,,2,,,
CompleteGumtreeMatcher,3,1,308,3,0.7,,900,,,,,2,,,
CompleteGumtreeMatcher,3,1,289,3,0.7,,1000,,,,,2,,,
CompleteGumtreeMatcher,3,1,279,3,0.7,,1100,,,,,2,,,
CompleteGumtreeMatcher,3,1,283,3,0.7,,1200,,,,,2,,,
CompleteGumtreeMatcher,3,1,297,3,0.7,,1300,,,,,2,,,
CompleteGumtreeMatcher,3,1,301,3,0.7,,1400,,,,,2,,,
CompleteGumtreeMatcher,3,1,283,3,0.7,,1500,,,,,2,,,
CompleteGumtreeMatcher,3,1,288,3,0.7,,1600,,,,,2,,,
CompleteGumtreeMatcher,3,1,295,3,0.7,,1700,,,,,2,,,
CompleteGumtreeMatcher,3,1,300,3,0.7,,1800,,,,,2,,,
CompleteGumtreeMatcher,3,1,285,3,0.7,,1900,,,,,2,,,
CompleteGumtreeMatcher,3,1,300,3,0.7,,2000,,,,,2,,,
CompleteGumtreeMatcher,265,12,1,3,0.7,,100,,,,,3,,,
CompleteGumtreeMatcher,265,12,1,3,0.7,,200,,,,,3,,,
CompleteGumtreeMatcher,3,1,289,3,0.7,,300,,,,,3,,,
CompleteGumtreeMatcher,3,1,297,3,0.7,,400,,,,,3,,,
CompleteGumtreeMatcher,3,1,299,3,0.7,,500,,,,,3,,,
CompleteGumtreeMatcher,3,1,286,3,0.7,,600,,,,,3,,,
CompleteGumtreeMatcher,3,1,300,3,0.7,,700,,,,,3,,,
CompleteGumtreeMatcher,3,1,285,3,0.7,,800,,,,,3,,,
CompleteGumtreeMatcher,3,1,270,3,0.7,,900,,,,,3,,,
CompleteGumtreeMatcher,3,1,281,3,0.7,,1000,,,,,3,,,
CompleteGumtreeMatcher,3,1,309,3,0.7,,1100,,,,,3,,,
CompleteGumtreeMatcher,3,1,306,3,0.7,,1200,,,,,3,,,
CompleteGumtreeMatcher,3,1,309,3,0.7,,1300,,,,,3,,,
CompleteGumtreeMatcher,3,1,313,3,0.7,,1400,,,,,3,,,
CompleteGumtreeMatcher,3,1,297,3,0.7,,1500,,,,,3,,,
CompleteGumtreeMatcher,3,1,301,3,0.7,,1600,,,,,3,,,
CompleteGumtreeMatcher,3,1,285,3,0.7,,1700,,,,,3,,,
CompleteGumtreeMatcher,3,1,260,3,0.7,,1800,,,,,3,,,
CompleteGumtreeMatcher,3,1,295,3,0.7,,1900,,,,,3,,,
CompleteGumtreeMatcher,3,1,291,3,0.7,,2000,,,,,3,,,
CompleteGumtreeMatcher,313,8,1,3,0.7,,100,,,,,4,,,
CompleteGumtreeMatcher,313,8,1,3,0.7,,200,,,,,4,,,
CompleteGumtreeMatcher,3,1,295,3,0.7,,300,,,,,4,,,
CompleteGumtreeMatcher,3,1,284,3,0.7,,400,,,,,4,,,
CompleteGumtreeMatcher,3,1,309,3,0.7,,500,,,,,4,,,
CompleteGumtreeMatcher,3,1,296,3,0.7,,600,,,,,4,,,
CompleteGumtreeMatcher,3,1,304,3,0.7,,700,,,,,4,,,
CompleteGumtreeMatcher,3,1,331,3,0.7,,800,,,,,4,,,
CompleteGumtreeMatcher,3,1,337,3,0.7,,900,,,,,4,,,
CompleteGumtreeMatcher,3,1,319,3,0.7,,1000,,,,,4,,,
CompleteGumtreeMatcher,3,1,309,3,0.7,,1100,,,,,4,,,
CompleteGumtreeMatcher,3,1,331,3,0.7,,1200,,,,,4,,,
CompleteGumtreeMatcher,3,1,295,3,0.7,,1300,,,,,4,,,
CompleteGumtreeMatcher,3,1,299,3,0.7,,1400,,,,,4,,,
CompleteGumtreeMatcher,3,1,319,3,0.7,,1500,,,,,4,,,
CompleteGumtreeMatcher,3,1,316,3,0.7,,1600,,,,,4,,,
CompleteGumtreeMatcher,3,1,296,3,0.7,,1700,,,,,4,,,
CompleteGumtreeMatcher,3,1,293,3,0.7,,1800,,,,,4,,,
CompleteGumtreeMatcher,3,1,285,3,0.7,,1900,,,,,4,,,
CompleteGumtreeMatcher,3,1,295,3,0.7,,2000,,,,,4,,,
CompleteGumtreeMatcher,343,6,14,3,0.7,,100,,,,,5,,,
CompleteGumtreeMatcher,343,6,1,3,0.7,,200,,,,,5,,,
CompleteGumtreeMatcher,3,1,271,3,0.7,,300,,,,,5,,,
CompleteGumtreeMatcher,3,1,293,3,0.7,,400,,,,,5,,,
CompleteGumtreeMatcher,3,1,304,3,0.7,,500,,,,,5,,,
CompleteGumtreeMatcher,3,1,287,3,0.7,,600,,,,,5,,,
CompleteGumtreeMatcher,3,1,287,3,0.7,,700,,,,,5,,,
CompleteGumtreeMatcher,3,1,282,3,0.7,,800,,,,,5,,,
CompleteGumtreeMatcher,3,1,293,3,0.7,,900,,,,,5,,,
CompleteGumtreeMatcher,3,1,282,3,0.7,,1000,,,,,5,,,
CompleteGumtreeMatcher,3,1,288,3,0.7,,1100,,,,,5,,,
CompleteGumtreeMatcher,3,1,309,3,0.7,,1200,,,,,5,,,
CompleteGumtreeMatcher,3,1,297,3,0.7,,1300,,,,,5,,,
CompleteGumtreeMatcher,3,1,274,3,0.7,,1400,,,,,5,,,
CompleteGumtreeMatcher,3,1,309,3,0.7,,1500,,,,,5,,,
CompleteGumtreeMatcher,3,1,303,3,0.7,,1600,,,,,5,,,
CompleteGumtreeMatcher,3,1,316,3,0.7,,1700,,,,,5,,,
CompleteGumtreeMatcher,3,1,283,3,0.7,,1800,,,,,5,,,
CompleteGumtreeMatcher,3,1,276,3,0.7,,1900,,,,,5,,,
CompleteGumtreeMatcher,3,1,308,3,0.7,,2000,,,,,5,,,
CompleteGumtreeMatcher,71,47,1,3,0.799,,100,,,,,1,,,
CompleteGumtreeMatcher,71,47,2,3,0.799,,200,,,,,1,,,
CompleteGumtreeMatcher,12,4,305,3,0.799,,300,,,,,1,,,
CompleteGumtreeMatcher,12,4,296,3,0.799,,400,,,,,1,,,
CompleteGumtreeMatcher,12,4,289,3,0.799,,500,,,,,1,,,
CompleteGumtreeMatcher,12,4,287,3,0.799,,600,,,,,1,,,
CompleteGumtreeMatcher,12,4,314,3,0.799,,700,,,,,1,,,
CompleteGumtreeMatcher,12,4,278,3,0.799,,800,,,,,1,,,
CompleteGumtreeMatcher,12,4,306,3,0.799,,900,,,,,1,,,
CompleteGumtreeMatcher,12,4,316,3,0.799,,1000,,,,,1,,,
CompleteGumtreeMatcher,12,4,286,3,0.799,,1100,,,,,1,,,
CompleteGumtreeMatcher,12,4,271,3,0.799,,1200,,,,,1,,,
CompleteGumtreeMatcher,12,4,291,3,0.799,,1300,,,,,1,,,
CompleteGumtreeMatcher,12,4,284,3,0.799,,1400,,,,,1,,,
CompleteGumtreeMatcher,12,4,298,3,0.799,,1500,,,,,1,,,
CompleteGumtreeMatcher,12,4,317,3,0.799,,1600,,,,,1,,,
CompleteGumtreeMatcher,12,4,279,3,0.799,,1700,,,,,1,,,
CompleteGumtreeMatcher,12,4,286,3,0.799,,1800,,,,,1,,,
CompleteGumtreeMatcher,12,4,286,3,0.799,,1900,,,,,1,,,
CompleteGumtreeMatcher,12,4,289,3,0.799,,2000,,,,,1,,,
CompleteGumtreeMatcher,204,19,1,3,0.799,,100,,,,,2,,,
CompleteGumtreeMatcher,204,19,0,3,0.799,,200,,,,,2,,,
CompleteGumtreeMatcher,3,1,270,3,0.799,,300,,,,,2,,,
CompleteGumtreeMatcher,3,1,303,3,0.799,,400,,,,,2,,,
CompleteGumtreeMatcher,3,1,290,3,0.799,,500,,,,,2,,,
CompleteGumtreeMatcher,3,1,283,3,0.799,,600,,,,,2,,,
CompleteGumtreeMatcher,3,1,279,3,0.799,,700,,,,,2,,,
CompleteGumtreeMatcher,3,1,276,3,0.799,,800,,,,,2,,,
CompleteGumtreeMatcher,3,1,301,3,0.799,,900,,,,,2,,,
CompleteGumtreeMatcher,3,1,274,3,0.799,,1000,,,,,2,,,
CompleteGumtreeMatcher,3,1,303,3,0.799,,1100,,,,,2,,,
CompleteGumtreeMatcher,3,1,281,3,0.799,,1200,,,,,2,,,
CompleteGumtreeMatcher,3,1,324,3,0.799,,1300,,,,,2,,,
CompleteGumtreeMatcher,3,1,313,3,0.799,,1400,,,,,2,,,
CompleteGumtreeMatcher,3,1,307,3,0.799,,1500,,,,,2,,,
CompleteGumtreeMatcher,3,1,305,3,0.799,,1600,,,,,2,,,
CompleteGumtreeMatcher,3,1,300,3,0.799,,1700,,,,,2,,,
CompleteGumtreeMatcher,3,1,310,3,0.799,,1800,,,,,2,,,
CompleteGumtreeMatcher,3,1,309,3,0.799,,1900,,,,,2,,,
CompleteGumtreeMatcher,3,1,304,3,0.799,,2000,,,,,2,,,
CompleteGumtreeMatcher,265,12,1,3,0.799,,100,,,,,3,,,
CompleteGumtreeMatcher,265,12,32,3,0.799,,200,,,,,3,,,
CompleteGumtreeMatcher,3,1,289,3,0.799,,300,,,,,3,,,
CompleteGumtreeMatcher,3,1,294,3,0.799,,400,,,,,3,,,
CompleteGumtreeMatcher,3,1,284,3,0.799,,500,,,,,3,,,
CompleteGumtreeMatcher,3,1,274,3,0.799,,600,,,,,3,,,
CompleteGumtreeMatcher,3,1,287,3,0.799,,700,,,,,3,,,
CompleteGumtreeMatcher,3,1,300,3,0.799,,800,,,,,3,,,
CompleteGumtreeMatcher,3,1,280,3,0.799,,900,,,,,3,,,
CompleteGumtreeMatcher,3,1,281,3,0.799,,1000,,,,,3,,,
CompleteGumtreeMatcher,3,1,272,3,0.799,,1100,,,,,3,,,
CompleteGumtreeMatcher,3,1,303,3,0.799,,1200,,,,,3,,,
CompleteGumtreeMatcher,3,1,302,3,0.799,,1300,,,,,3,,,
CompleteGumtreeMatcher,3,1,294,3,0.799,,1400,,,,,3,,,
CompleteGumtreeMatcher,3,1,306,3,0.799,,1500,,,,,3,,,
CompleteGumtreeMatcher,3,1,307,3,0.799,,1600,,,,,3,,,
CompleteGumtreeMatcher,3,1,278,3,0.799,,1700,,,,,3,,,
CompleteGumtreeMatcher,3,1,292,3,0.799,,1800,,,,,3,,,
CompleteGumtreeMatcher,3,1,274,3,0.799,,1900,,,,,3,,,
CompleteGumtreeMatcher,3,1,293,3,0.799,,2000,,,,,3,,,
CompleteGumtreeMatcher,313,8,1,3,0.799,,100,,,,,4,,,
CompleteGumtreeMatcher,313,8,1,3,0.799,,200,,,,,4,,,
CompleteGumtreeMatcher,3,1,291,3,0.799,,300,,,,,4,,,
CompleteGumtreeMatcher,3,1,268,3,0.799,,400,,,,,4,,,
CompleteGumtreeMatcher,3,1,288,3,0.799,,500,,,,,4,,,
CompleteGumtreeMatcher,3,1,295,3,0.799,,600,,,,,4,,,
CompleteGumtreeMatcher,3,1,289,3,0.799,,700,,,,,4,,,
CompleteGumtreeMatcher,3,1,279,3,0.799,,800,,,,,4,,,
CompleteGumtreeMatcher,3,1,285,3,0.799,,900,,,,,4,,,
CompleteGumtreeMatcher,3,1,296,3,0.799,,1000,,,,,4,,,
CompleteGumtreeMatcher,3,1,263,3,0.799,,1100,,,,,4,,,
CompleteGumtreeMatcher,3,1,308,3,0.799,,1200,,,,,4,,,
CompleteGumtreeMatcher,3,1,290,3,0.799,,1300,,,,,4,,,
CompleteGumtreeMatcher,3,1,290,3,0.799,,1400,,,,,4,,,
CompleteGumtreeMatcher,3,1,286,3,0.799,,1500,,,,,4,,,
CompleteGumtreeMatcher,3,1,286,3,0.799,,1600,,,,,4,,,
CompleteGumtreeMatcher,3,1,283,3,0.799,,1700,,,,,4,,,
CompleteGumtreeMatcher,3,1,266,3,0.799,,1800,,,,,4,,,
CompleteGumtreeMatcher,3,1,312,3,0.799,,1900,,,,,4,,,
CompleteGumtreeMatcher,3,1,291,3,0.799,,2000,,,,,4,,,
CompleteGumtreeMatcher,343,6,1,3,0.799,,100,,,,,5,,,
CompleteGumtreeMatcher,343,6,3,3,0.799,,200,,,,,5,,,
CompleteGumtreeMatcher,3,1,292,3,0.799,,300,,,,,5,,,
CompleteGumtreeMatcher,3,1,270,3,0.799,,400,,,,,5,,,
CompleteGumtreeMatcher,3,1,275,3,0.799,,500,,,,,5,,,
CompleteGumtreeMatcher,3,1,287,3,0.799,,600,,,,,5,,,
CompleteGumtreeMatcher,3,1,274,3,0.799,,700,,,,,5,,,
CompleteGumtreeMatcher,3,1,278,3,0.799,,800,,,,,5,,,
CompleteGumtreeMatcher,3,1,297,3,0.799,,900,,,,,5,,,
CompleteGumtreeMatcher,3,1,295,3,0.799,,1000,,,,,5,,,
CompleteGumtreeMatcher,3,1,297,3,0.799,,1100,,,,,5,,,
CompleteGumtreeMatcher,3,1,249,3,0.799,,1200,,,,,5,,,
CompleteGumtreeMatcher,3,1,290,3,0.799,,1300,,,,,5,,,
CompleteGumtreeMatcher,3,1,294,3,0.799,,1400,,,,,5,,,
CompleteGumtreeMatcher,3,1,272,3,0.799,,1500,,,,,5,,,
CompleteGumtreeMatcher,3,1,289,3,0.799,,1600,,,,,5,,,
CompleteGumtreeMatcher,3,1,318,3,0.799,,1700,,,,,5,,,
CompleteGumtreeMatcher,3,1,322,3,0.799,,1800,,,,,5,,,
CompleteGumtreeMatcher,3,1,303,3,0.799,,1900,,,,,5,,,
CompleteGumtreeMatcher,3,1,299,3,0.799,,2000,,,,,5,,,
CompleteGumtreeMatcher,71,47,2,3,0.899,,100,,,,,1,,,
CompleteGumtreeMatcher,71,47,1,3,0.899,,200,,,,,1,,,
CompleteGumtreeMatcher,12,4,328,3,0.899,,300,,,,,1,,,
CompleteGumtreeMatcher,12,4,299,3,0.899,,400,,,,,1,,,
CompleteGumtreeMatcher,12,4,329,3,0.899,,500,,,,,1,,,
CompleteGumtreeMatcher,12,4,336,3,0.899,,600,,,,,1,,,
CompleteGumtreeMatcher,12,4,303,3,0.899,,700,,,,,1,,,
CompleteGumtreeMatcher,12,4,276,3,0.899,,800,,,,,1,,,
CompleteGumtreeMatcher,12,4,318,3,0.899,,900,,,,,1,,,
CompleteGumtreeMatcher,12,4,319,3,0.899,,1000,,,,,1,,,
CompleteGumtreeMatcher,12,4,309,3,0.899,,1100,,,,,1,,,
CompleteGumtreeMatcher,12,4,336,3,0.899,,1200,,,,,1,,,
CompleteGumtreeMatcher,12,4,338,3,0.899,,1300,,,,,1,,,
CompleteGumtreeMatcher,12,4,359,3,0.899,,1400,,,,,1,,,
CompleteGumtreeMatcher,12,4,356,3,0.899,,1500,,,,,1,,,
CompleteGumtreeMatcher,12,4,328,3,0.899,,1600,,,,,1,,,
CompleteGumtreeMatcher,12,4,356,3,0.899,,1700,,,,,1,,,
CompleteGumtreeMatcher,12,4,348,3,0.899,,1800,,,,,1,,,
CompleteGumtreeMatcher,12,4,308,3,0.899,,1900,,,,,1,,,
CompleteGumtreeMatcher,12,4,301,3,0.899,,2000,,,,,1,,,
CompleteGumtreeMatcher,204,19,1,3,0.899,,100,,,,,2,,,
CompleteGumtreeMatcher,204,19,20,3,0.899,,200,,,,,2,,,
CompleteGumtreeMatcher,3,1,319,3,0.899,,300,,,,,2,,,
CompleteGumtreeMatcher,3,1,322,3,0.899,,400,,,,,2,,,
CompleteGumtreeMatcher,3,1,312,3,0.899,,500,,,,,2,,,
CompleteGumtreeMatcher,3,1,314,3,0.899,,600,,,,,2,,,
CompleteGumtreeMatcher,3,1,315,3,0.899,,700,,,,,2,,,
CompleteGumtreeMatcher,3,1,300,3,0.899,,800,,,,,2,,,
CompleteGumtreeMatcher,3,1,327,3,0.899,,900,,,,,2,,,
CompleteGumtreeMatcher,3,1,295,3,0.899,,1000,,,,,2,,,
CompleteGumtreeMatcher,3,1,321,3,0.899,,1100,,,,,2,,,
CompleteGumtreeMatcher,3,1,313,3,0.899,,1200,,,,,2,,,
CompleteGumtreeMatcher,3,1,302,3,0.899,,1300,,,,,2,,,
CompleteGumtreeMatcher,3,1,313,3,0.899,,1400,,,,,2,,,
CompleteGumtreeMatcher,3,1,308,3,0.899,,1500,,,,,2,,,
CompleteGumtreeMatcher,3,1,332,3,0.899,,1600,,,,,2,,,
CompleteGumtreeMatcher,3,1,321,3,0.899,,1700,,,,,2,,,
CompleteGumtreeMatcher,3,1,327,3,0.899,,1800,,,,,2,,,
CompleteGumtreeMatcher,3,1,337,3,0.899,,1900,,,,,2,,,
CompleteGumtreeMatcher,3,1,293,3,0.899,,2000,,,,,2,,,
CompleteGumtreeMatcher,265,12,1,3,0.899,,100,,,,,3,,,
CompleteGumtreeMatcher,265,12,1,3,0.899,,200,,,,,3,,,
CompleteGumtreeMatcher,3,1,348,3,0.899,,300,,,,,3,,,
CompleteGumtreeMatcher,3,1,344,3,0.899,,400,,,,,3,,,
CompleteGumtreeMatcher,3,1,366,3,0.899,,500,,,,,3,,,
CompleteGumtreeMatcher,3,1,353,3,0.899,,600,,,,,3,,,
CompleteGumtreeMatcher,3,1,324,3,0.899,,700,,,,,3,,,
CompleteGumtreeMatcher,3,1,327,3,0.899,,800,,,,,3,,,
CompleteGumtreeMatcher,3,1,346,3,0.899,,900,,,,,3,,,
CompleteGumtreeMatcher,3,1,336,3,0.899,,1000,,,,,3,,,
CompleteGumtreeMatcher,3,1,347,3,0.899,,1100,,,,,3,,,
CompleteGumtreeMatcher,3,1,302,3,0.899,,1200,,,,,3,,,
CompleteGumtreeMatcher,3,1,320,3,0.899,,1300,,,,,3,,,
CompleteGumtreeMatcher,3,1,326,3,0.899,,1400,,,,,3,,,
CompleteGumtreeMatcher,3,1,284,3,0.899,,1500,,,,,3,,,
CompleteGumtreeMatcher,3,1,303,3,0.899,,1600,,,,,3,,,
CompleteGumtreeMatcher,3,1,292,3,0.899,,1700,,,,,3,,,
CompleteGumtreeMatcher,3,1,300,3,0.899,,1800,,,,,3,,,
CompleteGumtreeMatcher,3,1,303,3,0.899,,1900,,,,,3,,,
CompleteGumtreeMatcher,3,1,308,3,0.899,,2000,,,,,3,,,
CompleteGumtreeMatcher,313,8,1,3,0.899,,100,,,,,4,,,
CompleteGumtreeMatcher,313,8,1,3,0.899,,200,,,,,4,,,
CompleteGumtreeMatcher,3,1,306,3,0.899,,300,,,,,4,,,
CompleteGumtreeMatcher,3,1,308,3,0.899,,400,,,,,4,,,
CompleteGumtreeMatcher,3,1,286,3,0.899,,500,,,,,4,,,
CompleteGumtreeMatcher,3,1,297,3,0.899,,600,,,,,4,,,
CompleteGumtreeMatcher,3,1,272,3,0.899,,700,,,,,4,,,
CompleteGumtreeMatcher,3,1,296,3,0.899,,800,,,,,4,,,
CompleteGumtreeMatcher,3,1,303,3,0.899,,900,,,,,4,,,
CompleteGumtreeMatcher,3,1,311,3,0.899,,1000,,,,,4,,,
CompleteGumtreeMatcher,3,1,287,3,0.899,,1100,,,,,4,,,
CompleteGumtreeMatcher,3,1,283,3,0.899,,1200,,,,,4,,,
CompleteGumtreeMatcher,3,1,287,3,0.899,,1300,,,,,4,,,
CompleteGumtreeMatcher,3,1,288,3,0.899,,1400,,,,,4,,,
CompleteGumtreeMatcher,3,1,312,3,0.899,,1500,,,,,4,,,
CompleteGumtreeMatcher,3,1,343,3,0.899,,1600,,,,,4,,,
CompleteGumtreeMatcher,3,1,266,3,0.899,,1700,,,,,4,,,
CompleteGumtreeMatcher,3,1,316,3,0.899,,1800,,,,,4,,,
CompleteGumtreeMatcher,3,1,280,3,0.899,,1900,,,,,4,,,
CompleteGumtreeMatcher,3,1,292,3,0.899,,2000,,,,,4,,,
CompleteGumtreeMatcher,343,6,1,3,0.899,,100,,,,,5,,,
CompleteGumtreeMatcher,343,6,1,3,0.899,,200,,,,,5,,,
CompleteGumtreeMatcher,3,1,290,3,0.899,,300,,,,,5,,,
CompleteGumtreeMatcher,3,1,267,3,0.899,,400,,,,,5,,,
CompleteGumtreeMatcher,3,1,311,3,0.899,,500,,,,,5,,,
CompleteGumtreeMatcher,3,1,309,3,0.899,,600,,,,,5,,,
CompleteGumtreeMatcher,3,1,295,3,0.899,,700,,,,,5,,,
CompleteGumtreeMatcher,3,1,287,3,0.899,,800,,,,,5,,,
CompleteGumtreeMatcher,3,1,264,3,0.899,,900,,,,,5,,,
CompleteGumtreeMatcher,3,1,278,3,0.899,,1000,,,,,5,,,
CompleteGumtreeMatcher,3,1,288,3,0.899,,1100,,,,,5,,,
CompleteGumtreeMatcher,3,1,302,3,0.899,,1200,,,,,5,,,
CompleteGumtreeMatcher,3,1,310,3,0.899,,1300,,,,,5,,,
CompleteGumtreeMatcher,3,1,321,3,0.899,,1400,,,,,5,,,
CompleteGumtreeMatcher,3,1,316,3,0.899,,1500,,,,,5,,,
CompleteGumtreeMatcher,3,1,283,3,0.899,,1600,,,,,5,,,
CompleteGumtreeMatcher,3,1,311,3,0.899,,1700,,,,,5,,,
CompleteGumtreeMatcher,3,1,306,3,0.899,,1800,,,,,5,,,
CompleteGumtreeMatcher,3,1,302,3,0.899,,1900,,,,,5,,,
CompleteGumtreeMatcher,3,1,327,3,0.899,,2000,,,,,5,,,
CompleteGumtreeMatcher,71,47,1,3,0.999,,100,,,,,1,,,
CompleteGumtreeMatcher,71,47,1,3,0.999,,200,,,,,1,,,
CompleteGumtreeMatcher,12,4,310,3,0.999,,300,,,,,1,,,
CompleteGumtreeMatcher,12,4,321,3,0.999,,400,,,,,1,,,
CompleteGumtreeMatcher,12,4,295,3,0.999,,500,,,,,1,,,
CompleteGumtreeMatcher,12,4,302,3,0.999,,600,,,,,1,,,
CompleteGumtreeMatcher,12,4,307,3,0.999,,700,,,,,1,,,
CompleteGumtreeMatcher,12,4,291,3,0.999,,800,,,,,1,,,
CompleteGumtreeMatcher,12,4,313,3,0.999,,900,,,,,1,,,
CompleteGumtreeMatcher,12,4,323,3,0.999,,1000,,,,,1,,,
CompleteGumtreeMatcher,12,4,293,3,0.999,,1100,,,,,1,,,
CompleteGumtreeMatcher,12,4,285,3,0.999,,1200,,,,,1,,,
CompleteGumtreeMatcher,12,4,301,3,0.999,,1300,,,,,1,,,
CompleteGumtreeMatcher,12,4,288,3,0.999,,1400,,,,,1,,,
CompleteGumtreeMatcher,12,4,291,3,0.999,,1500,,,,,1,,,
CompleteGumtreeMatcher,12,4,287,3,0.999,,1600,,,,,1,,,
CompleteGumtreeMatcher,12,4,314,3,0.999,,1700,,,,,1,,,
CompleteGumtreeMatcher,12,4,303,3,0.999,,1800,,,,,1,,,
CompleteGumtreeMatcher,12,4,279,3,0.999,,1900,,,,,1,,,
CompleteGumtreeMatcher,12,4,307,3,0.999,,2000,,,,,1,,,
CompleteGumtreeMatcher,204,19,1,3,0.999,,100,,,,,2,,,
CompleteGumtreeMatcher,204,19,1,3,0.999,,200,,,,,2,,,
CompleteGumtreeMatcher,3,1,290,3,0.999,,300,,,,,2,,,
CompleteGumtreeMatcher,3,1,295,3,0.999,,400,,,,,2,,,
CompleteGumtreeMatcher,3,1,298,3,0.999,,500,,,,,2,,,
CompleteGumtreeMatcher,3,1,300,3,0.999,,600,,,,,2,,,
CompleteGumtreeMatcher,3,1,311,3,0.999,,700,,,,,2,,,
CompleteGumtreeMatcher,3,1,301,3,0.999,,800,,,,,2,,,
CompleteGumtreeMatcher,3,1,286,3,0.999,,900,,,,,2,,,
CompleteGumtreeMatcher,3,1,269,3,0.999,,1000,,,,,2,,,
CompleteGumtreeMatcher,3,1,285,3,0.999,,1100,,,,,2,,,
CompleteGumtreeMatcher,3,1,285,3,0.999,,1200,,,,,2,,,
CompleteGumtreeMatcher,3,1,270,3,0.999,,1300,,,,,2,,,
CompleteGumtreeMatcher,3,1,291,3,0.999,,1400,,,,,2,,,
CompleteGumtreeMatcher,3,1,289,3,0.999,,1500,,,,,2,,,
CompleteGumtreeMatcher,3,1,291,3,0.999,,1600,,,,,2,,,
CompleteGumtreeMatcher,3,1,286,3,0.999,,1700,,,,,2,,,
CompleteGumtreeMatcher,3,1,276,3,0.999,,1800,,,,,2,,,
CompleteGumtreeMatcher,3,1,301,3,0.999,,1900,,,,,2,,,
CompleteGumtreeMatcher,3,1,289,3,0.999,,2000,,,,,2,,,
CompleteGumtreeMatcher,265,12,1,3,0.999,,100,,,,,3,,,
CompleteGumtreeMatcher,265,12,1,3,0.999,,200,,,,,3,,,
CompleteGumtreeMatcher,3,1,310,3,0.999,,300,,,,,3,,,
CompleteGumtreeMatcher,3,1,293,3,0.999,,400,,,,,3,,,
CompleteGumtreeMatcher,3,1,265,3,0.999,,500,,,,,3,,,
CompleteGumtreeMatcher,3,1,285,3,0.999,,600,,,,,3,,,
CompleteGumtreeMatcher,3,1,285,3,0.999,,700,,,,,3,,,
CompleteGumtreeMatcher,3,1,286,3,0.999,,800,,,,,3,,,
CompleteGumtreeMatcher,3,1,294,3,0.999,,900,,,,,3,,,
CompleteGumtreeMatcher,3,1,307,3,0.999,,1000,,,,,3,,,
CompleteGumtreeMatcher,3,1,285,3,0.999,,1100,,,,,3,,,
CompleteGumtreeMatcher,3,1,280,3,0.999,,1200,,,,,3,,,
CompleteGumtreeMatcher,3,1,316,3,0.999,,1300,,,,,3,,,
CompleteGumtreeMatcher,3,1,292,3,0.999,,1400,,,,,3,,,
CompleteGumtreeMatcher,3,1,290,3,0.999,,1500,,,,,3,,,
CompleteGumtreeMatcher,3,1,292,3,0.999,,1600,,,,,3,,,
CompleteGumtreeMatcher,3,1,314,3,0.999,,1700,,,,,3,,,
CompleteGumtreeMatcher,3,1,295,3,0.999,,1800,,,,,3,,,
CompleteGumtreeMatcher,3,1,299,3,0.999,,1900,,,,,3,,,
CompleteGumtreeMatcher,3,1,294,3,0.999,,2000,,,,,3,,,
CompleteGumtreeMatcher,313,8,1,3,0.999,,100,,,,,4,,,
CompleteGumtreeMatcher,313,8,1,3,0.999,,200,,,,,4,,,
CompleteGumtreeMatcher,3,1,303,3,0.999,,300,,,,,4,,,
CompleteGumtreeMatcher,3,1,316,3,0.999,,400,,,,,4,,,
CompleteGumtreeMatcher,3,1,287,3,0.999,,500,,,,,4,,,
CompleteGumtreeMatcher,3,1,283,3,0.999,,600,,,,,4,,,
CompleteGumtreeMatcher,3,1,292,3,0.999,,700,,,,,4,,,
CompleteGumtreeMatcher,3,1,296,3,0.999,,800,,,,,4,,,
CompleteGumtreeMatcher,3,1,270,3,0.999,,900,,,,,4,,,
CompleteGumtreeMatcher,3,1,278,3,0.999,,1000,,,,,4,,,
CompleteGumtreeMatcher,3,1,300,3,0.999,,1100,,,,,4,,,
CompleteGumtreeMatcher,3,1,290,3,0.999,,1200,,,,,4,,,
CompleteGumtreeMatcher,3,1,326,3,0.999,,1300,,,,,4,,,
CompleteGumtreeMatcher,3,1,286,3,0.999,,1400,,,,,4,,,
CompleteGumtreeMatcher,3,1,300,3,0.999,,1500,,,,,4,,,
CompleteGumtreeMatcher,3,1,283,3,0.999,,1600,,,,,4,,,
CompleteGumtreeMatcher,3,1,290,3,0.999,,1700,,,,,4,,,
CompleteGumtreeMatcher,3,1,297,3,0.999,,1800,,,,,4,,,
CompleteGumtreeMatcher,3,1,301,3,0.999,,1900,,,,,4,,,
CompleteGumtreeMatcher,3,1,305,3,0.999,,2000,,,,,4,,,
CompleteGumtreeMatcher,343,6,1,3,0.999,,100,,,,,5,,,
CompleteGumtreeMatcher,343,6,1,3,0.999,,200,,,,,5,,,
CompleteGumtreeMatcher,3,1,288,3,0.999,,300,,,,,5,,,
CompleteGumtreeMatcher,3,1,256,3,0.999,,400,,,,,5,,,
CompleteGumtreeMatcher,3,1,305,3,0.999,,500,,,,,5,,,
CompleteGumtreeMatcher,3,1,254,3,0.999,,600,,,,,5,,,
CompleteGumtreeMatcher,3,1,315,3,0.999,,700,,,,,5,,,
CompleteGumtreeMatcher,3,1,275,3,0.999,,800,,,,,5,,,
CompleteGumtreeMatcher,3,1,291,3,0.999,,900,,,,,5,,,
CompleteGumtreeMatcher,3,1,300,3,0.999,,1000,,,,,5,,,
CompleteGumtreeMatcher,3,1,287,3,0.999,,1100,,,,,5,,,
CompleteGumtreeMatcher,3,1,274,3,0.999,,1200,,,,,5,,,
CompleteGumtreeMatcher,3,1,284,3,0.999,,1300,,,,,5,,,
CompleteGumtreeMatcher,3,1,277,3,0.999,,1400,,,,,5,,,
CompleteGumtreeMatcher,3,1,268,3,0.999,,1500,,,,,5,,,
CompleteGumtreeMatcher,3,1,260,3,0.999,,1600,,,,,5,,,
CompleteGumtreeMatcher,3,1,235,3,0.999,,1700,,,,,5,,,
CompleteGumtreeMatcher,3,1,217,3,0.999,,1800,,,,,5,,,
CompleteGumtreeMatcher,3,1,210,3,0.999,,1900,,,,,5,,,
CompleteGumtreeMatcher,3,1,157,3,0.999,,2000,,,,,5,,,
