MATCHER;NRACTIONS;NRROOTS;TIME;NROPTIONS;GT_BUM_SMT;GT_BUM_SMT_SBUP;GT_BUM_SZT;GT_CD_LSIM;GT_CD_ML;GT_CD_SSIM1;GT_CD_SSIM2;GT_STM_MH;GT_XYM_SIM;GUMTREE_MATCH_GT_MINH
SimpleGumtree;29;16;157;2;;0.1;;;;;;1;;
SimpleGumtree;29;16;152;2;;0.2;;;;;;1;;
SimpleGumtree;29;16;152;2;;0.3;;;;;;1;;
SimpleGumtree;29;16;137;2;;0.4;;;;;;1;;
SimpleGumtree;29;16;146;2;;0.5;;;;;;1;;
SimpleGumtree;29;16;148;2;;0.6;;;;;;1;;
SimpleGumtree;29;16;135;2;;0.7;;;;;;1;;
SimpleGumtree;29;16;136;2;;0.799;;;;;;1;;
SimpleGumtree;29;16;166;2;;0.899;;;;;;1;;
SimpleGumtree;29;16;158;2;;0.999;;;;;;1;;
SimpleGumtree;29;16;109;2;;0.1;;;;;;2;;
SimpleGumtree;29;16;74;2;;0.2;;;;;;2;;
SimpleGumtree;29;16;79;2;;0.3;;;;;;2;;
SimpleGumtree;29;16;106;2;;0.4;;;;;;2;;
SimpleGumtree;29;16;83;2;;0.5;;;;;;2;;
SimpleGumtree;29;16;80;2;;0.6;;;;;;2;;
SimpleGumtree;29;16;105;2;;0.7;;;;;;2;;
SimpleGumtree;29;16;63;2;;0.799;;;;;;2;;
SimpleGumtree;29;16;70;2;;0.899;;;;;;2;;
SimpleGumtree;29;16;82;2;;0.999;;;;;;2;;
SimpleGumtree;34;16;116;2;;0.1;;;;;;3;;
SimpleGumtree;34;16;120;2;;0.2;;;;;;3;;
SimpleGumtree;34;16;60;2;;0.3;;;;;;3;;
SimpleGumtree;34;16;97;2;;0.4;;;;;;3;;
SimpleGumtree;34;16;58;2;;0.5;;;;;;3;;
SimpleGumtree;34;16;78;2;;0.6;;;;;;3;;
SimpleGumtree;34;16;88;2;;0.7;;;;;;3;;
SimpleGumtree;34;16;105;2;;0.799;;;;;;3;;
SimpleGumtree;34;16;111;2;;0.899;;;;;;3;;
SimpleGumtree;34;16;21;2;;0.999;;;;;;3;;
SimpleGumtree;34;16;20;2;;0.1;;;;;;4;;
SimpleGumtree;34;16;39;2;;0.2;;;;;;4;;
SimpleGumtree;34;16;145;2;;0.3;;;;;;4;;
SimpleGumtree;34;16;24;2;;0.4;;;;;;4;;
SimpleGumtree;34;16;128;2;;0.5;;;;;;4;;
SimpleGumtree;34;16;130;2;;0.6;;;;;;4;;
SimpleGumtree;34;16;140;2;;0.7;;;;;;4;;
SimpleGumtree;34;16;91;2;;0.799;;;;;;4;;
SimpleGumtree;34;16;27;2;;0.899;;;;;;4;;
SimpleGumtree;34;16;26;2;;0.999;;;;;;4;;
SimpleGumtree;34;16;30;2;;0.1;;;;;;5;;
SimpleGumtree;34;16;26;2;;0.2;;;;;;5;;
SimpleGumtree;34;16;38;2;;0.3;;;;;;5;;
SimpleGumtree;34;16;39;2;;0.4;;;;;;5;;
SimpleGumtree;34;16;32;2;;0.5;;;;;;5;;
SimpleGumtree;34;16;47;2;;0.6;;;;;;5;;
SimpleGumtree;34;16;31;2;;0.7;;;;;;5;;
SimpleGumtree;34;16;41;2;;0.799;;;;;;5;;
SimpleGumtree;34;16;42;2;;0.899;;;;;;5;;
SimpleGumtree;34;16;59;2;;0.999;;;;;;5;;
ClassicGumtree;72;12;111;3;0.1;;100;;;;;1;;
ClassicGumtree;39;26;840;3;0.1;;200;;;;;1;;
ClassicGumtree;39;26;796;3;0.1;;300;;;;;1;;
ClassicGumtree;39;26;649;3;0.1;;400;;;;;1;;
ClassicGumtree;39;26;787;3;0.1;;500;;;;;1;;
ClassicGumtree;39;26;827;3;0.1;;600;;;;;1;;
ClassicGumtree;39;26;760;3;0.1;;700;;;;;1;;
ClassicGumtree;39;26;805;3;0.1;;800;;;;;1;;
ClassicGumtree;39;26;699;3;0.1;;900;;;;;1;;
ClassicGumtree;39;26;747;3;0.1;;1000;;;;;1;;
ClassicGumtree;39;26;599;3;0.1;;1100;;;;;1;;
ClassicGumtree;39;26;437;3;0.1;;1200;;;;;1;;
ClassicGumtree;39;26;463;3;0.1;;1300;;;;;1;;
ClassicGumtree;39;26;486;3;0.1;;1400;;;;;1;;
ClassicGumtree;39;26;459;3;0.1;;1500;;;;;1;;
ClassicGumtree;37;24;17083;3;0.1;;1600;;;;;1;;
ClassicGumtree;37;24;17179;3;0.1;;1700;;;;;1;;
ClassicGumtree;37;24;17216;3;0.1;;1800;;;;;1;;
ClassicGumtree;37;24;16927;3;0.1;;1900;;;;;1;;
ClassicGumtree;37;24;17185;3;0.1;;2000;;;;;1;;
ClassicGumtree;88;18;32;3;0.1;;100;;;;;2;;
ClassicGumtree;45;28;639;3;0.1;;200;;;;;2;;
ClassicGumtree;45;28;449;3;0.1;;300;;;;;2;;
ClassicGumtree;45;28;369;3;0.1;;400;;;;;2;;
ClassicGumtree;45;28;352;3;0.1;;500;;;;;2;;
ClassicGumtree;45;28;317;3;0.1;;600;;;;;2;;
ClassicGumtree;45;28;126;3;0.1;;700;;;;;2;;
ClassicGumtree;45;28;125;3;0.1;;800;;;;;2;;
ClassicGumtree;45;28;197;3;0.1;;900;;;;;2;;
ClassicGumtree;45;28;170;3;0.1;;1000;;;;;2;;
ClassicGumtree;45;28;190;3;0.1;;1100;;;;;2;;
ClassicGumtree;45;28;116;3;0.1;;1200;;;;;2;;
ClassicGumtree;45;28;148;3;0.1;;1300;;;;;2;;
ClassicGumtree;45;28;111;3;0.1;;1400;;;;;2;;
ClassicGumtree;45;28;114;3;0.1;;1500;;;;;2;;
ClassicGumtree;37;24;16129;3;0.1;;1600;;;;;2;;
ClassicGumtree;37;24;16454;3;0.1;;1700;;;;;2;;
ClassicGumtree;37;24;16760;3;0.1;;1800;;;;;2;;
ClassicGumtree;37;24;16778;3;0.1;;1900;;;;;2;;
ClassicGumtree;37;24;16584;3;0.1;;2000;;;;;2;;
ClassicGumtree;211;39;25;3;0.1;;100;;;;;3;;
ClassicGumtree;157;48;139;3;0.1;;200;;;;;3;;
ClassicGumtree;157;48;115;3;0.1;;300;;;;;3;;
ClassicGumtree;157;48;118;3;0.1;;400;;;;;3;;
ClassicGumtree;157;48;105;3;0.1;;500;;;;;3;;
ClassicGumtree;157;48;136;3;0.1;;600;;;;;3;;
ClassicGumtree;157;48;142;3;0.1;;700;;;;;3;;
ClassicGumtree;157;48;137;3;0.1;;800;;;;;3;;
ClassicGumtree;157;48;135;3;0.1;;900;;;;;3;;
ClassicGumtree;157;48;141;3;0.1;;1000;;;;;3;;
ClassicGumtree;157;48;162;3;0.1;;1100;;;;;3;;
ClassicGumtree;157;48;145;3;0.1;;1200;;;;;3;;
ClassicGumtree;157;48;99;3;0.1;;1300;;;;;3;;
ClassicGumtree;157;48;123;3;0.1;;1400;;;;;3;;
ClassicGumtree;157;48;132;3;0.1;;1500;;;;;3;;
ClassicGumtree;37;24;15868;3;0.1;;1600;;;;;3;;
ClassicGumtree;37;24;15829;3;0.1;;1700;;;;;3;;
ClassicGumtree;37;24;15927;3;0.1;;1800;;;;;3;;
ClassicGumtree;37;24;15572;3;0.1;;1900;;;;;3;;
ClassicGumtree;37;24;15825;3;0.1;;2000;;;;;3;;
ClassicGumtree;606;68;8;3;0.1;;100;;;;;4;;
ClassicGumtree;505;74;187;3;0.1;;200;;;;;4;;
ClassicGumtree;505;74;142;3;0.1;;300;;;;;4;;
ClassicGumtree;505;74;52;3;0.1;;400;;;;;4;;
ClassicGumtree;505;74;116;3;0.1;;500;;;;;4;;
ClassicGumtree;505;74;154;3;0.1;;600;;;;;4;;
ClassicGumtree;505;74;148;3;0.1;;700;;;;;4;;
ClassicGumtree;505;74;114;3;0.1;;800;;;;;4;;
ClassicGumtree;505;74;92;3;0.1;;900;;;;;4;;
ClassicGumtree;505;74;94;3;0.1;;1000;;;;;4;;
ClassicGumtree;505;74;104;3;0.1;;1100;;;;;4;;
ClassicGumtree;505;74;101;3;0.1;;1200;;;;;4;;
ClassicGumtree;505;74;110;3;0.1;;1300;;;;;4;;
ClassicGumtree;505;74;108;3;0.1;;1400;;;;;4;;
ClassicGumtree;505;74;86;3;0.1;;1500;;;;;4;;
ClassicGumtree;37;24;15601;3;0.1;;1600;;;;;4;;
ClassicGumtree;37;24;15908;3;0.1;;1700;;;;;4;;
ClassicGumtree;37;24;16042;3;0.1;;1800;;;;;4;;
ClassicGumtree;37;24;15538;3;0.1;;1900;;;;;4;;
ClassicGumtree;37;24;15953;3;0.1;;2000;;;;;4;;
ClassicGumtree;902;80;31;3;0.1;;100;;;;;5;;
ClassicGumtree;801;86;79;3;0.1;;200;;;;;5;;
ClassicGumtree;801;86;115;3;0.1;;300;;;;;5;;
ClassicGumtree;801;86;60;3;0.1;;400;;;;;5;;
ClassicGumtree;801;86;111;3;0.1;;500;;;;;5;;
ClassicGumtree;801;86;97;3;0.1;;600;;;;;5;;
ClassicGumtree;801;86;181;3;0.1;;700;;;;;5;;
ClassicGumtree;801;86;146;3;0.1;;800;;;;;5;;
ClassicGumtree;801;86;167;3;0.1;;900;;;;;5;;
ClassicGumtree;801;86;152;3;0.1;;1000;;;;;5;;
ClassicGumtree;801;86;59;3;0.1;;1100;;;;;5;;
ClassicGumtree;801;86;163;3;0.1;;1200;;;;;5;;
ClassicGumtree;801;86;120;3;0.1;;1300;;;;;5;;
ClassicGumtree;801;86;126;3;0.1;;1400;;;;;5;;
ClassicGumtree;801;86;141;3;0.1;;1500;;;;;5;;
ClassicGumtree;37;24;14410;3;0.1;;1600;;;;;5;;
ClassicGumtree;37;24;14227;3;0.1;;1700;;;;;5;;
ClassicGumtree;37;24;14372;3;0.1;;1800;;;;;5;;
ClassicGumtree;37;24;14352;3;0.1;;1900;;;;;5;;
ClassicGumtree;37;24;14616;3;0.1;;2000;;;;;5;;
ClassicGumtree;72;12;52;3;0.2;;100;;;;;1;;
ClassicGumtree;39;26;124;3;0.2;;200;;;;;1;;
ClassicGumtree;39;26;125;3;0.2;;300;;;;;1;;
ClassicGumtree;39;26;105;3;0.2;;400;;;;;1;;
ClassicGumtree;39;26;88;3;0.2;;500;;;;;1;;
ClassicGumtree;39;26;133;3;0.2;;600;;;;;1;;
ClassicGumtree;39;26;167;3;0.2;;700;;;;;1;;
ClassicGumtree;39;26;157;3;0.2;;800;;;;;1;;
ClassicGumtree;39;26;101;3;0.2;;900;;;;;1;;
ClassicGumtree;39;26;63;3;0.2;;1000;;;;;1;;
ClassicGumtree;39;26;80;3;0.2;;1100;;;;;1;;
ClassicGumtree;39;26;69;3;0.2;;1200;;;;;1;;
ClassicGumtree;39;26;83;3;0.2;;1300;;;;;1;;
ClassicGumtree;39;26;67;3;0.2;;1400;;;;;1;;
ClassicGumtree;39;26;108;3;0.2;;1500;;;;;1;;
ClassicGumtree;37;24;14189;3;0.2;;1600;;;;;1;;
ClassicGumtree;37;24;14194;3;0.2;;1700;;;;;1;;
ClassicGumtree;37;24;14155;3;0.2;;1800;;;;;1;;
ClassicGumtree;37;24;14447;3;0.2;;1900;;;;;1;;
ClassicGumtree;37;24;14495;3;0.2;;2000;;;;;1;;
ClassicGumtree;88;18;6;3;0.2;;100;;;;;2;;
ClassicGumtree;45;28;104;3;0.2;;200;;;;;2;;
ClassicGumtree;45;28;60;3;0.2;;300;;;;;2;;
ClassicGumtree;45;28;73;3;0.2;;400;;;;;2;;
ClassicGumtree;45;28;123;3;0.2;;500;;;;;2;;
ClassicGumtree;45;28;100;3;0.2;;600;;;;;2;;
ClassicGumtree;45;28;117;3;0.2;;700;;;;;2;;
ClassicGumtree;45;28;88;3;0.2;;800;;;;;2;;
ClassicGumtree;45;28;98;3;0.2;;900;;;;;2;;
ClassicGumtree;45;28;73;3;0.2;;1000;;;;;2;;
ClassicGumtree;45;28;71;3;0.2;;1100;;;;;2;;
ClassicGumtree;45;28;146;3;0.2;;1200;;;;;2;;
ClassicGumtree;45;28;98;3;0.2;;1300;;;;;2;;
ClassicGumtree;45;28;103;3;0.2;;1400;;;;;2;;
ClassicGumtree;45;28;107;3;0.2;;1500;;;;;2;;
ClassicGumtree;37;24;15496;3;0.2;;1600;;;;;2;;
ClassicGumtree;37;24;15438;3;0.2;;1700;;;;;2;;
ClassicGumtree;37;24;15566;3;0.2;;1800;;;;;2;;
ClassicGumtree;37;24;15162;3;0.2;;1900;;;;;2;;
ClassicGumtree;37;24;15418;3;0.2;;2000;;;;;2;;
ClassicGumtree;211;39;8;3;0.2;;100;;;;;3;;
ClassicGumtree;157;48;110;3;0.2;;200;;;;;3;;
ClassicGumtree;157;48;97;3;0.2;;300;;;;;3;;
ClassicGumtree;157;48;85;3;0.2;;400;;;;;3;;
ClassicGumtree;157;48;168;3;0.2;;500;;;;;3;;
ClassicGumtree;157;48;152;3;0.2;;600;;;;;3;;
ClassicGumtree;157;48;128;3;0.2;;700;;;;;3;;
ClassicGumtree;157;48;99;3;0.2;;800;;;;;3;;
ClassicGumtree;157;48;79;3;0.2;;900;;;;;3;;
ClassicGumtree;157;48;98;3;0.2;;1000;;;;;3;;
ClassicGumtree;157;48;97;3;0.2;;1100;;;;;3;;
ClassicGumtree;157;48;108;3;0.2;;1200;;;;;3;;
ClassicGumtree;157;48;96;3;0.2;;1300;;;;;3;;
ClassicGumtree;157;48;95;3;0.2;;1400;;;;;3;;
ClassicGumtree;157;48;84;3;0.2;;1500;;;;;3;;
ClassicGumtree;37;24;15249;3;0.2;;1600;;;;;3;;
ClassicGumtree;37;24;15344;3;0.2;;1700;;;;;3;;
ClassicGumtree;37;24;15468;3;0.2;;1800;;;;;3;;
ClassicGumtree;37;24;15444;3;0.2;;1900;;;;;3;;
ClassicGumtree;37;24;15430;3;0.2;;2000;;;;;3;;
ClassicGumtree;606;68;6;3;0.2;;100;;;;;4;;
ClassicGumtree;505;74;104;3;0.2;;200;;;;;4;;
ClassicGumtree;505;74;173;3;0.2;;300;;;;;4;;
ClassicGumtree;505;74;63;3;0.2;;400;;;;;4;;
ClassicGumtree;505;74;75;3;0.2;;500;;;;;4;;
ClassicGumtree;505;74;72;3;0.2;;600;;;;;4;;
ClassicGumtree;505;74;92;3;0.2;;700;;;;;4;;
ClassicGumtree;505;74;123;3;0.2;;800;;;;;4;;
ClassicGumtree;505;74;117;3;0.2;;900;;;;;4;;
ClassicGumtree;505;74;125;3;0.2;;1000;;;;;4;;
ClassicGumtree;505;74;62;3;0.2;;1100;;;;;4;;
ClassicGumtree;505;74;100;3;0.2;;1200;;;;;4;;
ClassicGumtree;505;74;86;3;0.2;;1300;;;;;4;;
ClassicGumtree;505;74;72;3;0.2;;1400;;;;;4;;
ClassicGumtree;505;74;99;3;0.2;;1500;;;;;4;;
ClassicGumtree;37;24;14887;3;0.2;;1600;;;;;4;;
ClassicGumtree;37;24;14816;3;0.2;;1700;;;;;4;;
ClassicGumtree;37;24;14847;3;0.2;;1800;;;;;4;;
ClassicGumtree;37;24;14894;3;0.2;;1900;;;;;4;;
ClassicGumtree;37;24;14771;3;0.2;;2000;;;;;4;;
ClassicGumtree;902;80;9;3;0.2;;100;;;;;5;;
ClassicGumtree;801;86;196;3;0.2;;200;;;;;5;;
ClassicGumtree;801;86;156;3;0.2;;300;;;;;5;;
ClassicGumtree;801;86;99;3;0.2;;400;;;;;5;;
ClassicGumtree;801;86;77;3;0.2;;500;;;;;5;;
ClassicGumtree;801;86;73;3;0.2;;600;;;;;5;;
ClassicGumtree;801;86;101;3;0.2;;700;;;;;5;;
ClassicGumtree;801;86;70;3;0.2;;800;;;;;5;;
ClassicGumtree;801;86;83;3;0.2;;900;;;;;5;;
ClassicGumtree;801;86;105;3;0.2;;1000;;;;;5;;
ClassicGumtree;801;86;98;3;0.2;;1100;;;;;5;;
ClassicGumtree;801;86;112;3;0.2;;1200;;;;;5;;
ClassicGumtree;801;86;99;3;0.2;;1300;;;;;5;;
ClassicGumtree;801;86;110;3;0.2;;1400;;;;;5;;
ClassicGumtree;801;86;116;3;0.2;;1500;;;;;5;;
ClassicGumtree;37;24;14811;3;0.2;;1600;;;;;5;;
ClassicGumtree;37;24;14737;3;0.2;;1700;;;;;5;;
ClassicGumtree;37;24;14726;3;0.2;;1800;;;;;5;;
ClassicGumtree;37;24;14685;3;0.2;;1900;;;;;5;;
ClassicGumtree;37;24;14651;3;0.2;;2000;;;;;5;;
ClassicGumtree;72;12;20;3;0.3;;100;;;;;1;;
ClassicGumtree;39;26;77;3;0.3;;200;;;;;1;;
ClassicGumtree;39;26;88;3;0.3;;300;;;;;1;;
ClassicGumtree;39;26;98;3;0.3;;400;;;;;1;;
ClassicGumtree;39;26;84;3;0.3;;500;;;;;1;;
ClassicGumtree;39;26;86;3;0.3;;600;;;;;1;;
ClassicGumtree;39;26;69;3;0.3;;700;;;;;1;;
ClassicGumtree;39;26;98;3;0.3;;800;;;;;1;;
ClassicGumtree;39;26;72;3;0.3;;900;;;;;1;;
ClassicGumtree;39;26;59;3;0.3;;1000;;;;;1;;
ClassicGumtree;39;26;82;3;0.3;;1100;;;;;1;;
ClassicGumtree;39;26;60;3;0.3;;1200;;;;;1;;
ClassicGumtree;39;26;79;3;0.3;;1300;;;;;1;;
ClassicGumtree;39;26;73;3;0.3;;1400;;;;;1;;
ClassicGumtree;39;26;79;3;0.3;;1500;;;;;1;;
ClassicGumtree;37;24;15062;3;0.3;;1600;;;;;1;;
ClassicGumtree;37;24;14977;3;0.3;;1700;;;;;1;;
ClassicGumtree;37;24;15035;3;0.3;;1800;;;;;1;;
ClassicGumtree;37;24;15136;3;0.3;;1900;;;;;1;;
ClassicGumtree;37;24;14847;3;0.3;;2000;;;;;1;;
ClassicGumtree;88;18;23;3;0.3;;100;;;;;2;;
ClassicGumtree;45;28;111;3;0.3;;200;;;;;2;;
ClassicGumtree;45;28;75;3;0.3;;300;;;;;2;;
ClassicGumtree;45;28;95;3;0.3;;400;;;;;2;;
ClassicGumtree;45;28;80;3;0.3;;500;;;;;2;;
ClassicGumtree;45;28;68;3;0.3;;600;;;;;2;;
ClassicGumtree;45;28;108;3;0.3;;700;;;;;2;;
ClassicGumtree;45;28;113;3;0.3;;800;;;;;2;;
ClassicGumtree;45;28;129;3;0.3;;900;;;;;2;;
ClassicGumtree;45;28;124;3;0.3;;1000;;;;;2;;
ClassicGumtree;45;28;101;3;0.3;;1100;;;;;2;;
ClassicGumtree;45;28;108;3;0.3;;1200;;;;;2;;
ClassicGumtree;45;28;111;3;0.3;;1300;;;;;2;;
ClassicGumtree;45;28;85;3;0.3;;1400;;;;;2;;
ClassicGumtree;45;28;99;3;0.3;;1500;;;;;2;;
ClassicGumtree;37;24;15123;3;0.3;;1600;;;;;2;;
ClassicGumtree;37;24;15031;3;0.3;;1700;;;;;2;;
ClassicGumtree;37;24;15176;3;0.3;;1800;;;;;2;;
ClassicGumtree;37;24;15029;3;0.3;;1900;;;;;2;;
ClassicGumtree;37;24;15170;3;0.3;;2000;;;;;2;;
ClassicGumtree;211;39;19;3;0.3;;100;;;;;3;;
ClassicGumtree;157;48;70;3;0.3;;200;;;;;3;;
ClassicGumtree;157;48;126;3;0.3;;300;;;;;3;;
ClassicGumtree;157;48;173;3;0.3;;400;;;;;3;;
ClassicGumtree;157;48;189;3;0.3;;500;;;;;3;;
ClassicGumtree;157;48;141;3;0.3;;600;;;;;3;;
ClassicGumtree;157;48;170;3;0.3;;700;;;;;3;;
ClassicGumtree;157;48;105;3;0.3;;800;;;;;3;;
ClassicGumtree;157;48;166;3;0.3;;900;;;;;3;;
ClassicGumtree;157;48;149;3;0.3;;1000;;;;;3;;
ClassicGumtree;157;48;140;3;0.3;;1100;;;;;3;;
ClassicGumtree;157;48;102;3;0.3;;1200;;;;;3;;
ClassicGumtree;157;48;145;3;0.3;;1300;;;;;3;;
ClassicGumtree;157;48;100;3;0.3;;1400;;;;;3;;
ClassicGumtree;157;48;104;3;0.3;;1500;;;;;3;;
ClassicGumtree;37;24;15025;3;0.3;;1600;;;;;3;;
ClassicGumtree;37;24;15203;3;0.3;;1700;;;;;3;;
ClassicGumtree;37;24;14860;3;0.3;;1800;;;;;3;;
ClassicGumtree;37;24;15016;3;0.3;;1900;;;;;3;;
ClassicGumtree;37;24;14979;3;0.3;;2000;;;;;3;;
ClassicGumtree;606;68;19;3;0.3;;100;;;;;4;;
ClassicGumtree;505;74;194;3;0.3;;200;;;;;4;;
ClassicGumtree;505;74;146;3;0.3;;300;;;;;4;;
ClassicGumtree;505;74;354;3;0.3;;400;;;;;4;;
ClassicGumtree;505;74;194;3;0.3;;500;;;;;4;;
ClassicGumtree;505;74;194;3;0.3;;600;;;;;4;;
ClassicGumtree;505;74;161;3;0.3;;700;;;;;4;;
ClassicGumtree;505;74;147;3;0.3;;800;;;;;4;;
ClassicGumtree;505;74;137;3;0.3;;900;;;;;4;;
ClassicGumtree;505;74;146;3;0.3;;1000;;;;;4;;
ClassicGumtree;505;74;161;3;0.3;;1100;;;;;4;;
ClassicGumtree;505;74;139;3;0.3;;1200;;;;;4;;
ClassicGumtree;505;74;88;3;0.3;;1300;;;;;4;;
ClassicGumtree;505;74;108;3;0.3;;1400;;;;;4;;
ClassicGumtree;505;74;161;3;0.3;;1500;;;;;4;;
ClassicGumtree;37;24;14579;3;0.3;;1600;;;;;4;;
ClassicGumtree;37;24;14895;3;0.3;;1700;;;;;4;;
ClassicGumtree;37;24;14704;3;0.3;;1800;;;;;4;;
ClassicGumtree;37;24;14729;3;0.3;;1900;;;;;4;;
ClassicGumtree;37;24;14750;3;0.3;;2000;;;;;4;;
ClassicGumtree;902;80;6;3;0.3;;100;;;;;5;;
ClassicGumtree;801;86;88;3;0.3;;200;;;;;5;;
ClassicGumtree;801;86;76;3;0.3;;300;;;;;5;;
ClassicGumtree;801;86;62;3;0.3;;400;;;;;5;;
ClassicGumtree;801;86;73;3;0.3;;500;;;;;5;;
ClassicGumtree;801;86;90;3;0.3;;600;;;;;5;;
ClassicGumtree;801;86;71;3;0.3;;700;;;;;5;;
ClassicGumtree;801;86;70;3;0.3;;800;;;;;5;;
ClassicGumtree;801;86;64;3;0.3;;900;;;;;5;;
ClassicGumtree;801;86;79;3;0.3;;1000;;;;;5;;
ClassicGumtree;801;86;61;3;0.3;;1100;;;;;5;;
ClassicGumtree;801;86;85;3;0.3;;1200;;;;;5;;
ClassicGumtree;801;86;95;3;0.3;;1300;;;;;5;;
ClassicGumtree;801;86;77;3;0.3;;1400;;;;;5;;
ClassicGumtree;801;86;49;3;0.3;;1500;;;;;5;;
ClassicGumtree;37;24;15223;3;0.3;;1600;;;;;5;;
ClassicGumtree;37;24;14709;3;0.3;;1700;;;;;5;;
ClassicGumtree;37;24;14896;3;0.3;;1800;;;;;5;;
ClassicGumtree;37;24;14648;3;0.3;;1900;;;;;5;;
ClassicGumtree;37;24;15425;3;0.3;;2000;;;;;5;;
ClassicGumtree;72;12;6;3;0.4;;100;;;;;1;;
ClassicGumtree;39;26;165;3;0.4;;200;;;;;1;;
ClassicGumtree;39;26;116;3;0.4;;300;;;;;1;;
ClassicGumtree;39;26;152;3;0.4;;400;;;;;1;;
ClassicGumtree;39;26;87;3;0.4;;500;;;;;1;;
ClassicGumtree;39;26;133;3;0.4;;600;;;;;1;;
ClassicGumtree;39;26;101;3;0.4;;700;;;;;1;;
ClassicGumtree;39;26;95;3;0.4;;800;;;;;1;;
ClassicGumtree;39;26;98;3;0.4;;900;;;;;1;;
ClassicGumtree;39;26;81;3;0.4;;1000;;;;;1;;
ClassicGumtree;39;26;52;3;0.4;;1100;;;;;1;;
ClassicGumtree;39;26;91;3;0.4;;1200;;;;;1;;
ClassicGumtree;39;26;100;3;0.4;;1300;;;;;1;;
ClassicGumtree;39;26;92;3;0.4;;1400;;;;;1;;
ClassicGumtree;39;26;97;3;0.4;;1500;;;;;1;;
ClassicGumtree;37;24;15060;3;0.4;;1600;;;;;1;;
ClassicGumtree;37;24;14836;3;0.4;;1700;;;;;1;;
ClassicGumtree;37;24;14858;3;0.4;;1800;;;;;1;;
ClassicGumtree;37;24;15178;3;0.4;;1900;;;;;1;;
ClassicGumtree;37;24;14849;3;0.4;;2000;;;;;1;;
ClassicGumtree;88;18;22;3;0.4;;100;;;;;2;;
ClassicGumtree;45;28;94;3;0.4;;200;;;;;2;;
ClassicGumtree;45;28;74;3;0.4;;300;;;;;2;;
ClassicGumtree;45;28;101;3;0.4;;400;;;;;2;;
ClassicGumtree;45;28;73;3;0.4;;500;;;;;2;;
ClassicGumtree;45;28;110;3;0.4;;600;;;;;2;;
ClassicGumtree;45;28;108;3;0.4;;700;;;;;2;;
ClassicGumtree;45;28;112;3;0.4;;800;;;;;2;;
ClassicGumtree;45;28;78;3;0.4;;900;;;;;2;;
ClassicGumtree;45;28;98;3;0.4;;1000;;;;;2;;
ClassicGumtree;45;28;96;3;0.4;;1100;;;;;2;;
ClassicGumtree;45;28;105;3;0.4;;1200;;;;;2;;
ClassicGumtree;45;28;62;3;0.4;;1300;;;;;2;;
ClassicGumtree;45;28;100;3;0.4;;1400;;;;;2;;
ClassicGumtree;45;28;103;3;0.4;;1500;;;;;2;;
ClassicGumtree;37;24;14652;3;0.4;;1600;;;;;2;;
ClassicGumtree;37;24;14514;3;0.4;;1700;;;;;2;;
ClassicGumtree;37;24;14694;3;0.4;;1800;;;;;2;;
ClassicGumtree;37;24;14695;3;0.4;;1900;;;;;2;;
ClassicGumtree;37;24;14570;3;0.4;;2000;;;;;2;;
ClassicGumtree;211;39;5;3;0.4;;100;;;;;3;;
ClassicGumtree;157;48;101;3;0.4;;200;;;;;3;;
ClassicGumtree;157;48;102;3;0.4;;300;;;;;3;;
ClassicGumtree;157;48;85;3;0.4;;400;;;;;3;;
ClassicGumtree;157;48;80;3;0.4;;500;;;;;3;;
ClassicGumtree;157;48;124;3;0.4;;600;;;;;3;;
ClassicGumtree;157;48;126;3;0.4;;700;;;;;3;;
ClassicGumtree;157;48;142;3;0.4;;800;;;;;3;;
ClassicGumtree;157;48;136;3;0.4;;900;;;;;3;;
ClassicGumtree;157;48;71;3;0.4;;1000;;;;;3;;
ClassicGumtree;157;48;112;3;0.4;;1100;;;;;3;;
ClassicGumtree;157;48;91;3;0.4;;1200;;;;;3;;
ClassicGumtree;157;48;94;3;0.4;;1300;;;;;3;;
ClassicGumtree;157;48;90;3;0.4;;1400;;;;;3;;
ClassicGumtree;157;48;99;3;0.4;;1500;;;;;3;;
ClassicGumtree;37;24;14593;3;0.4;;1600;;;;;3;;
ClassicGumtree;37;24;14431;3;0.4;;1700;;;;;3;;
ClassicGumtree;37;24;14629;3;0.4;;1800;;;;;3;;
ClassicGumtree;37;24;14536;3;0.4;;1900;;;;;3;;
ClassicGumtree;37;24;14426;3;0.4;;2000;;;;;3;;
ClassicGumtree;606;68;28;3;0.4;;100;;;;;4;;
ClassicGumtree;505;74;75;3;0.4;;200;;;;;4;;
ClassicGumtree;505;74;66;3;0.4;;300;;;;;4;;
ClassicGumtree;505;74;82;3;0.4;;400;;;;;4;;
ClassicGumtree;505;74;83;3;0.4;;500;;;;;4;;
ClassicGumtree;505;74;79;3;0.4;;600;;;;;4;;
ClassicGumtree;505;74;73;3;0.4;;700;;;;;4;;
ClassicGumtree;505;74;79;3;0.4;;800;;;;;4;;
ClassicGumtree;505;74;76;3;0.4;;900;;;;;4;;
ClassicGumtree;505;74;70;3;0.4;;1000;;;;;4;;
ClassicGumtree;505;74;81;3;0.4;;1100;;;;;4;;
ClassicGumtree;505;74;81;3;0.4;;1200;;;;;4;;
ClassicGumtree;505;74;87;3;0.4;;1300;;;;;4;;
ClassicGumtree;505;74;76;3;0.4;;1400;;;;;4;;
ClassicGumtree;505;74;81;3;0.4;;1500;;;;;4;;
ClassicGumtree;37;24;15391;3;0.4;;1600;;;;;4;;
ClassicGumtree;37;24;15333;3;0.4;;1700;;;;;4;;
ClassicGumtree;37;24;15327;3;0.4;;1800;;;;;4;;
ClassicGumtree;37;24;15384;3;0.4;;1900;;;;;4;;
ClassicGumtree;37;24;15367;3;0.4;;2000;;;;;4;;
ClassicGumtree;902;80;17;3;0.4;;100;;;;;5;;
ClassicGumtree;801;86;119;3;0.4;;200;;;;;5;;
ClassicGumtree;801;86;120;3;0.4;;300;;;;;5;;
ClassicGumtree;801;86;103;3;0.4;;400;;;;;5;;
ClassicGumtree;801;86;86;3;0.4;;500;;;;;5;;
ClassicGumtree;801;86;77;3;0.4;;600;;;;;5;;
ClassicGumtree;801;86;79;3;0.4;;700;;;;;5;;
ClassicGumtree;801;86;90;3;0.4;;800;;;;;5;;
ClassicGumtree;801;86;68;3;0.4;;900;;;;;5;;
ClassicGumtree;801;86;69;3;0.4;;1000;;;;;5;;
ClassicGumtree;801;86;71;3;0.4;;1100;;;;;5;;
ClassicGumtree;801;86;83;3;0.4;;1200;;;;;5;;
ClassicGumtree;801;86;98;3;0.4;;1300;;;;;5;;
ClassicGumtree;801;86;75;3;0.4;;1400;;;;;5;;
ClassicGumtree;801;86;105;3;0.4;;1500;;;;;5;;
ClassicGumtree;37;24;15241;3;0.4;;1600;;;;;5;;
ClassicGumtree;37;24;15337;3;0.4;;1700;;;;;5;;
ClassicGumtree;37;24;15284;3;0.4;;1800;;;;;5;;
ClassicGumtree;37;24;15355;3;0.4;;1900;;;;;5;;
ClassicGumtree;37;24;15253;3;0.4;;2000;;;;;5;;
ClassicGumtree;72;12;26;3;0.5;;100;;;;;1;;
ClassicGumtree;39;26;82;3;0.5;;200;;;;;1;;
ClassicGumtree;39;26;82;3;0.5;;300;;;;;1;;
ClassicGumtree;39;26;63;3;0.5;;400;;;;;1;;
ClassicGumtree;39;26;71;3;0.5;;500;;;;;1;;
ClassicGumtree;39;26;75;3;0.5;;600;;;;;1;;
ClassicGumtree;39;26;57;3;0.5;;700;;;;;1;;
ClassicGumtree;39;26;76;3;0.5;;800;;;;;1;;
ClassicGumtree;39;26;74;3;0.5;;900;;;;;1;;
ClassicGumtree;39;26;87;3;0.5;;1000;;;;;1;;
ClassicGumtree;39;26;89;3;0.5;;1100;;;;;1;;
ClassicGumtree;39;26;64;3;0.5;;1200;;;;;1;;
ClassicGumtree;39;26;72;3;0.5;;1300;;;;;1;;
ClassicGumtree;39;26;87;3;0.5;;1400;;;;;1;;
ClassicGumtree;39;26;77;3;0.5;;1500;;;;;1;;
ClassicGumtree;37;24;13965;3;0.5;;1600;;;;;1;;
ClassicGumtree;37;24;14174;3;0.5;;1700;;;;;1;;
ClassicGumtree;37;24;13953;3;0.5;;1800;;;;;1;;
ClassicGumtree;37;24;14137;3;0.5;;1900;;;;;1;;
ClassicGumtree;37;24;14003;3;0.5;;2000;;;;;1;;
ClassicGumtree;88;18;23;3;0.5;;100;;;;;2;;
ClassicGumtree;45;28;79;3;0.5;;200;;;;;2;;
ClassicGumtree;45;28;86;3;0.5;;300;;;;;2;;
ClassicGumtree;45;28;93;3;0.5;;400;;;;;2;;
ClassicGumtree;45;28;85;3;0.5;;500;;;;;2;;
ClassicGumtree;45;28;86;3;0.5;;600;;;;;2;;
ClassicGumtree;45;28;114;3;0.5;;700;;;;;2;;
ClassicGumtree;45;28;115;3;0.5;;800;;;;;2;;
ClassicGumtree;45;28;92;3;0.5;;900;;;;;2;;
ClassicGumtree;45;28;87;3;0.5;;1000;;;;;2;;
ClassicGumtree;45;28;109;3;0.5;;1100;;;;;2;;
ClassicGumtree;45;28;86;3;0.5;;1200;;;;;2;;
ClassicGumtree;45;28;68;3;0.5;;1300;;;;;2;;
ClassicGumtree;45;28;76;3;0.5;;1400;;;;;2;;
ClassicGumtree;45;28;73;3;0.5;;1500;;;;;2;;
ClassicGumtree;37;24;14057;3;0.5;;1600;;;;;2;;
ClassicGumtree;37;24;14095;3;0.5;;1700;;;;;2;;
ClassicGumtree;37;24;14117;3;0.5;;1800;;;;;2;;
ClassicGumtree;37;24;13957;3;0.5;;1900;;;;;2;;
ClassicGumtree;37;24;14082;3;0.5;;2000;;;;;2;;
ClassicGumtree;211;39;44;3;0.5;;100;;;;;3;;
ClassicGumtree;157;48;78;3;0.5;;200;;;;;3;;
ClassicGumtree;157;48;79;3;0.5;;300;;;;;3;;
ClassicGumtree;157;48;60;3;0.5;;400;;;;;3;;
ClassicGumtree;157;48;44;3;0.5;;500;;;;;3;;
ClassicGumtree;157;48;91;3;0.5;;600;;;;;3;;
ClassicGumtree;157;48;97;3;0.5;;700;;;;;3;;
ClassicGumtree;157;48;99;3;0.5;;800;;;;;3;;
ClassicGumtree;157;48;65;3;0.5;;900;;;;;3;;
ClassicGumtree;157;48;68;3;0.5;;1000;;;;;3;;
ClassicGumtree;157;48;90;3;0.5;;1100;;;;;3;;
ClassicGumtree;157;48;88;3;0.5;;1200;;;;;3;;
ClassicGumtree;157;48;48;3;0.5;;1300;;;;;3;;
ClassicGumtree;157;48;91;3;0.5;;1400;;;;;3;;
ClassicGumtree;157;48;139;3;0.5;;1500;;;;;3;;
ClassicGumtree;37;24;14051;3;0.5;;1600;;;;;3;;
ClassicGumtree;37;24;14306;3;0.5;;1700;;;;;3;;
ClassicGumtree;37;24;13980;3;0.5;;1800;;;;;3;;
ClassicGumtree;37;24;14065;3;0.5;;1900;;;;;3;;
ClassicGumtree;37;24;14086;3;0.5;;2000;;;;;3;;
ClassicGumtree;606;68;5;3;0.5;;100;;;;;4;;
ClassicGumtree;505;74;83;3;0.5;;200;;;;;4;;
ClassicGumtree;505;74;87;3;0.5;;300;;;;;4;;
ClassicGumtree;505;74;89;3;0.5;;400;;;;;4;;
ClassicGumtree;505;74;86;3;0.5;;500;;;;;4;;
ClassicGumtree;505;74;58;3;0.5;;600;;;;;4;;
ClassicGumtree;505;74;80;3;0.5;;700;;;;;4;;
ClassicGumtree;505;74;67;3;0.5;;800;;;;;4;;
ClassicGumtree;505;74;72;3;0.5;;900;;;;;4;;
ClassicGumtree;505;74;82;3;0.5;;1000;;;;;4;;
ClassicGumtree;505;74;74;3;0.5;;1100;;;;;4;;
ClassicGumtree;505;74;79;3;0.5;;1200;;;;;4;;
ClassicGumtree;505;74;79;3;0.5;;1300;;;;;4;;
ClassicGumtree;505;74;98;3;0.5;;1400;;;;;4;;
ClassicGumtree;505;74;70;3;0.5;;1500;;;;;4;;
ClassicGumtree;37;24;14208;3;0.5;;1600;;;;;4;;
ClassicGumtree;37;24;14014;3;0.5;;1700;;;;;4;;
ClassicGumtree;37;24;14186;3;0.5;;1800;;;;;4;;
ClassicGumtree;37;24;13975;3;0.5;;1900;;;;;4;;
ClassicGumtree;37;24;14051;3;0.5;;2000;;;;;4;;
ClassicGumtree;902;80;6;3;0.5;;100;;;;;5;;
ClassicGumtree;801;86;101;3;0.5;;200;;;;;5;;
ClassicGumtree;801;86;82;3;0.5;;300;;;;;5;;
ClassicGumtree;801;86;71;3;0.5;;400;;;;;5;;
ClassicGumtree;801;86;60;3;0.5;;500;;;;;5;;
ClassicGumtree;801;86;79;3;0.5;;600;;;;;5;;
ClassicGumtree;801;86;89;3;0.5;;700;;;;;5;;
ClassicGumtree;801;86;80;3;0.5;;800;;;;;5;;
ClassicGumtree;801;86;65;3;0.5;;900;;;;;5;;
ClassicGumtree;801;86;90;3;0.5;;1000;;;;;5;;
ClassicGumtree;801;86;72;3;0.5;;1100;;;;;5;;
ClassicGumtree;801;86;80;3;0.5;;1200;;;;;5;;
ClassicGumtree;801;86;59;3;0.5;;1300;;;;;5;;
ClassicGumtree;801;86;75;3;0.5;;1400;;;;;5;;
ClassicGumtree;801;86;71;3;0.5;;1500;;;;;5;;
ClassicGumtree;37;24;15779;3;0.5;;1600;;;;;5;;
ClassicGumtree;37;24;15649;3;0.5;;1700;;;;;5;;
ClassicGumtree;37;24;15763;3;0.5;;1800;;;;;5;;
ClassicGumtree;37;24;15728;3;0.5;;1900;;;;;5;;
ClassicGumtree;37;24;15520;3;0.5;;2000;;;;;5;;
ClassicGumtree;72;12;26;3;0.6;;100;;;;;1;;
ClassicGumtree;39;26;106;3;0.6;;200;;;;;1;;
ClassicGumtree;39;26;103;3;0.6;;300;;;;;1;;
ClassicGumtree;39;26;71;3;0.6;;400;;;;;1;;
ClassicGumtree;39;26;99;3;0.6;;500;;;;;1;;
ClassicGumtree;39;26;99;3;0.6;;600;;;;;1;;
ClassicGumtree;39;26;90;3;0.6;;700;;;;;1;;
ClassicGumtree;39;26;81;3;0.6;;800;;;;;1;;
ClassicGumtree;39;26;83;3;0.6;;900;;;;;1;;
ClassicGumtree;39;26;78;3;0.6;;1000;;;;;1;;
ClassicGumtree;39;26;57;3;0.6;;1100;;;;;1;;
ClassicGumtree;39;26;72;3;0.6;;1200;;;;;1;;
ClassicGumtree;39;26;60;3;0.6;;1300;;;;;1;;
ClassicGumtree;39;26;66;3;0.6;;1400;;;;;1;;
ClassicGumtree;39;26;120;3;0.6;;1500;;;;;1;;
ClassicGumtree;37;24;15773;3;0.6;;1600;;;;;1;;
ClassicGumtree;37;24;15707;3;0.6;;1700;;;;;1;;
ClassicGumtree;37;24;15735;3;0.6;;1800;;;;;1;;
ClassicGumtree;37;24;15762;3;0.6;;1900;;;;;1;;
ClassicGumtree;37;24;15639;3;0.6;;2000;;;;;1;;
ClassicGumtree;88;18;6;3;0.6;;100;;;;;2;;
ClassicGumtree;45;28;83;3;0.6;;200;;;;;2;;
ClassicGumtree;45;28;93;3;0.6;;300;;;;;2;;
ClassicGumtree;45;28;75;3;0.6;;400;;;;;2;;
ClassicGumtree;45;28;75;3;0.6;;500;;;;;2;;
ClassicGumtree;45;28;84;3;0.6;;600;;;;;2;;
ClassicGumtree;45;28;96;3;0.6;;700;;;;;2;;
ClassicGumtree;45;28;63;3;0.6;;800;;;;;2;;
ClassicGumtree;45;28;73;3;0.6;;900;;;;;2;;
ClassicGumtree;45;28;71;3;0.6;;1000;;;;;2;;
ClassicGumtree;45;28;63;3;0.6;;1100;;;;;2;;
ClassicGumtree;45;28;85;3;0.6;;1200;;;;;2;;
ClassicGumtree;45;28;86;3;0.6;;1300;;;;;2;;
ClassicGumtree;45;28;62;3;0.6;;1400;;;;;2;;
ClassicGumtree;45;28;87;3;0.6;;1500;;;;;2;;
ClassicGumtree;37;24;16035;3;0.6;;1600;;;;;2;;
ClassicGumtree;37;24;16008;3;0.6;;1700;;;;;2;;
ClassicGumtree;37;24;15758;3;0.6;;1800;;;;;2;;
ClassicGumtree;37;24;15906;3;0.6;;1900;;;;;2;;
ClassicGumtree;37;24;15873;3;0.6;;2000;;;;;2;;
ClassicGumtree;211;39;20;3;0.6;;100;;;;;3;;
ClassicGumtree;157;48;84;3;0.6;;200;;;;;3;;
ClassicGumtree;157;48;83;3;0.6;;300;;;;;3;;
ClassicGumtree;157;48;78;3;0.6;;400;;;;;3;;
ClassicGumtree;157;48;81;3;0.6;;500;;;;;3;;
ClassicGumtree;157;48;74;3;0.6;;600;;;;;3;;
ClassicGumtree;157;48;78;3;0.6;;700;;;;;3;;
ClassicGumtree;157;48;80;3;0.6;;800;;;;;3;;
ClassicGumtree;157;48;78;3;0.6;;900;;;;;3;;
ClassicGumtree;157;48;121;3;0.6;;1000;;;;;3;;
ClassicGumtree;157;48;111;3;0.6;;1100;;;;;3;;
ClassicGumtree;157;48;121;3;0.6;;1200;;;;;3;;
ClassicGumtree;157;48;97;3;0.6;;1300;;;;;3;;
ClassicGumtree;157;48;108;3;0.6;;1400;;;;;3;;
ClassicGumtree;157;48;62;3;0.6;;1500;;;;;3;;
ClassicGumtree;37;24;15954;3;0.6;;1600;;;;;3;;
ClassicGumtree;37;24;15921;3;0.6;;1700;;;;;3;;
ClassicGumtree;37;24;15829;3;0.6;;1800;;;;;3;;
ClassicGumtree;37;24;15897;3;0.6;;1900;;;;;3;;
ClassicGumtree;37;24;15924;3;0.6;;2000;;;;;3;;
ClassicGumtree;610;55;7;3;0.6;;100;;;;;4;;
ClassicGumtree;610;55;7;3;0.6;;200;;;;;4;;
ClassicGumtree;610;55;10;3;0.6;;300;;;;;4;;
ClassicGumtree;610;55;71;3;0.6;;400;;;;;4;;
ClassicGumtree;610;55;8;3;0.6;;500;;;;;4;;
ClassicGumtree;610;55;38;3;0.6;;600;;;;;4;;
ClassicGumtree;610;55;8;3;0.6;;700;;;;;4;;
ClassicGumtree;610;55;19;3;0.6;;800;;;;;4;;
ClassicGumtree;610;55;20;3;0.6;;900;;;;;4;;
ClassicGumtree;610;55;27;3;0.6;;1000;;;;;4;;
ClassicGumtree;610;55;6;3;0.6;;1100;;;;;4;;
ClassicGumtree;610;55;21;3;0.6;;1200;;;;;4;;
ClassicGumtree;610;55;13;3;0.6;;1300;;;;;4;;
ClassicGumtree;610;55;18;3;0.6;;1400;;;;;4;;
ClassicGumtree;610;55;27;3;0.6;;1500;;;;;4;;
ClassicGumtree;37;24;15130;3;0.6;;1600;;;;;4;;
ClassicGumtree;37;24;15033;3;0.6;;1700;;;;;4;;
ClassicGumtree;37;24;15078;3;0.6;;1800;;;;;4;;
ClassicGumtree;37;24;14992;3;0.6;;1900;;;;;4;;
ClassicGumtree;37;24;14859;3;0.6;;2000;;;;;4;;
ClassicGumtree;906;67;5;3;0.6;;100;;;;;5;;
ClassicGumtree;906;67;78;3;0.6;;200;;;;;5;;
ClassicGumtree;906;67;6;3;0.6;;300;;;;;5;;
ClassicGumtree;906;67;24;3;0.6;;400;;;;;5;;
ClassicGumtree;906;67;27;3;0.6;;500;;;;;5;;
ClassicGumtree;906;67;6;3;0.6;;600;;;;;5;;
ClassicGumtree;906;67;6;3;0.6;;700;;;;;5;;
ClassicGumtree;906;67;7;3;0.6;;800;;;;;5;;
ClassicGumtree;906;67;25;3;0.6;;900;;;;;5;;
ClassicGumtree;906;67;26;3;0.6;;1000;;;;;5;;
ClassicGumtree;906;67;7;3;0.6;;1100;;;;;5;;
ClassicGumtree;906;67;31;3;0.6;;1200;;;;;5;;
ClassicGumtree;906;67;25;3;0.6;;1300;;;;;5;;
ClassicGumtree;906;67;6;3;0.6;;1400;;;;;5;;
ClassicGumtree;906;67;30;3;0.6;;1500;;;;;5;;
ClassicGumtree;37;24;15209;3;0.6;;1600;;;;;5;;
ClassicGumtree;37;24;15190;3;0.6;;1700;;;;;5;;
ClassicGumtree;37;24;15014;3;0.6;;1800;;;;;5;;
ClassicGumtree;37;24;14992;3;0.6;;1900;;;;;5;;
ClassicGumtree;37;24;15211;3;0.6;;2000;;;;;5;;
ClassicGumtree;72;12;23;3;0.7;;100;;;;;1;;
ClassicGumtree;39;26;91;3;0.7;;200;;;;;1;;
ClassicGumtree;39;26;80;3;0.7;;300;;;;;1;;
ClassicGumtree;39;26;105;3;0.7;;400;;;;;1;;
ClassicGumtree;39;26;110;3;0.7;;500;;;;;1;;
ClassicGumtree;39;26;77;3;0.7;;600;;;;;1;;
ClassicGumtree;39;26;90;3;0.7;;700;;;;;1;;
ClassicGumtree;39;26;62;3;0.7;;800;;;;;1;;
ClassicGumtree;39;26;83;3;0.7;;900;;;;;1;;
ClassicGumtree;39;26;68;3;0.7;;1000;;;;;1;;
ClassicGumtree;39;26;88;3;0.7;;1100;;;;;1;;
ClassicGumtree;39;26;94;3;0.7;;1200;;;;;1;;
ClassicGumtree;39;26;96;3;0.7;;1300;;;;;1;;
ClassicGumtree;39;26;76;3;0.7;;1400;;;;;1;;
ClassicGumtree;39;26;83;3;0.7;;1500;;;;;1;;
ClassicGumtree;37;24;14653;3;0.7;;1600;;;;;1;;
ClassicGumtree;37;24;14712;3;0.7;;1700;;;;;1;;
ClassicGumtree;37;24;14511;3;0.7;;1800;;;;;1;;
ClassicGumtree;37;24;14524;3;0.7;;1900;;;;;1;;
ClassicGumtree;37;24;14507;3;0.7;;2000;;;;;1;;
ClassicGumtree;88;18;7;3;0.7;;100;;;;;2;;
ClassicGumtree;45;28;156;3;0.7;;200;;;;;2;;
ClassicGumtree;45;28;50;3;0.7;;300;;;;;2;;
ClassicGumtree;45;28;134;3;0.7;;400;;;;;2;;
ClassicGumtree;45;28;122;3;0.7;;500;;;;;2;;
ClassicGumtree;45;28;120;3;0.7;;600;;;;;2;;
ClassicGumtree;45;28;113;3;0.7;;700;;;;;2;;
ClassicGumtree;45;28;110;3;0.7;;800;;;;;2;;
ClassicGumtree;45;28;73;3;0.7;;900;;;;;2;;
ClassicGumtree;45;28;89;3;0.7;;1000;;;;;2;;
ClassicGumtree;45;28;96;3;0.7;;1100;;;;;2;;
ClassicGumtree;45;28;64;3;0.7;;1200;;;;;2;;
ClassicGumtree;45;28;95;3;0.7;;1300;;;;;2;;
ClassicGumtree;45;28;76;3;0.7;;1400;;;;;2;;
ClassicGumtree;45;28;96;3;0.7;;1500;;;;;2;;
ClassicGumtree;37;24;14331;3;0.7;;1600;;;;;2;;
ClassicGumtree;37;24;14568;3;0.7;;1700;;;;;2;;
ClassicGumtree;37;24;14383;3;0.7;;1800;;;;;2;;
ClassicGumtree;37;24;14431;3;0.7;;1900;;;;;2;;
ClassicGumtree;37;24;14403;3;0.7;;2000;;;;;2;;
ClassicGumtree;211;39;24;3;0.7;;100;;;;;3;;
ClassicGumtree;157;48;86;3;0.7;;200;;;;;3;;
ClassicGumtree;157;48;87;3;0.7;;300;;;;;3;;
ClassicGumtree;157;48;43;3;0.7;;400;;;;;3;;
ClassicGumtree;157;48;80;3;0.7;;500;;;;;3;;
ClassicGumtree;157;48;86;3;0.7;;600;;;;;3;;
ClassicGumtree;157;48;93;3;0.7;;700;;;;;3;;
ClassicGumtree;157;48;71;3;0.7;;800;;;;;3;;
ClassicGumtree;157;48;85;3;0.7;;900;;;;;3;;
ClassicGumtree;157;48;102;3;0.7;;1000;;;;;3;;
ClassicGumtree;157;48;82;3;0.7;;1100;;;;;3;;
ClassicGumtree;157;48;62;3;0.7;;1200;;;;;3;;
ClassicGumtree;157;48;68;3;0.7;;1300;;;;;3;;
ClassicGumtree;157;48;58;3;0.7;;1400;;;;;3;;
ClassicGumtree;157;48;71;3;0.7;;1500;;;;;3;;
ClassicGumtree;37;24;14304;3;0.7;;1600;;;;;3;;
ClassicGumtree;37;24;14463;3;0.7;;1700;;;;;3;;
ClassicGumtree;37;24;14416;3;0.7;;1800;;;;;3;;
ClassicGumtree;37;24;14433;3;0.7;;1900;;;;;3;;
ClassicGumtree;37;24;14441;3;0.7;;2000;;;;;3;;
ClassicGumtree;610;55;7;3;0.7;;100;;;;;4;;
ClassicGumtree;610;55;22;3;0.7;;200;;;;;4;;
ClassicGumtree;610;55;5;3;0.7;;300;;;;;4;;
ClassicGumtree;610;55;20;3;0.7;;400;;;;;4;;
ClassicGumtree;610;55;5;3;0.7;;500;;;;;4;;
ClassicGumtree;610;55;24;3;0.7;;600;;;;;4;;
ClassicGumtree;610;55;27;3;0.7;;700;;;;;4;;
ClassicGumtree;610;55;5;3;0.7;;800;;;;;4;;
ClassicGumtree;610;55;21;3;0.7;;900;;;;;4;;
ClassicGumtree;610;55;6;3;0.7;;1000;;;;;4;;
ClassicGumtree;610;55;20;3;0.7;;1100;;;;;4;;
ClassicGumtree;610;55;6;3;0.7;;1200;;;;;4;;
ClassicGumtree;610;55;23;3;0.7;;1300;;;;;4;;
ClassicGumtree;610;55;5;3;0.7;;1400;;;;;4;;
ClassicGumtree;610;55;23;3;0.7;;1500;;;;;4;;
ClassicGumtree;37;24;14354;3;0.7;;1600;;;;;4;;
ClassicGumtree;37;24;14407;3;0.7;;1700;;;;;4;;
ClassicGumtree;37;24;14663;3;0.7;;1800;;;;;4;;
ClassicGumtree;37;24;14522;3;0.7;;1900;;;;;4;;
ClassicGumtree;37;24;14284;3;0.7;;2000;;;;;4;;
ClassicGumtree;906;67;11;3;0.7;;100;;;;;5;;
ClassicGumtree;906;67;28;3;0.7;;200;;;;;5;;
ClassicGumtree;906;67;6;3;0.7;;300;;;;;5;;
ClassicGumtree;906;67;5;3;0.7;;400;;;;;5;;
ClassicGumtree;906;67;63;3;0.7;;500;;;;;5;;
ClassicGumtree;906;67;8;3;0.7;;600;;;;;5;;
ClassicGumtree;906;67;16;3;0.7;;700;;;;;5;;
ClassicGumtree;906;67;6;3;0.7;;800;;;;;5;;
ClassicGumtree;906;67;6;3;0.7;;900;;;;;5;;
ClassicGumtree;906;67;16;3;0.7;;1000;;;;;5;;
ClassicGumtree;906;67;23;3;0.7;;1100;;;;;5;;
ClassicGumtree;906;67;6;3;0.7;;1200;;;;;5;;
ClassicGumtree;906;67;5;3;0.7;;1300;;;;;5;;
ClassicGumtree;906;67;27;3;0.7;;1400;;;;;5;;
ClassicGumtree;906;67;30;3;0.7;;1500;;;;;5;;
ClassicGumtree;37;24;14078;3;0.7;;1600;;;;;5;;
ClassicGumtree;37;24;14043;3;0.7;;1700;;;;;5;;
ClassicGumtree;37;24;14022;3;0.7;;1800;;;;;5;;
ClassicGumtree;37;24;13955;3;0.7;;1900;;;;;5;;
ClassicGumtree;37;24;13947;3;0.7;;2000;;;;;5;;
ClassicGumtree;97;14;17;3;0.799;;100;;;;;1;;
ClassicGumtree;97;14;6;3;0.799;;200;;;;;1;;
ClassicGumtree;97;14;25;3;0.799;;300;;;;;1;;
ClassicGumtree;97;14;23;3;0.799;;400;;;;;1;;
ClassicGumtree;97;14;8;3;0.799;;500;;;;;1;;
ClassicGumtree;97;14;13;3;0.799;;600;;;;;1;;
ClassicGumtree;97;14;5;3;0.799;;700;;;;;1;;
ClassicGumtree;97;14;5;3;0.799;;800;;;;;1;;
ClassicGumtree;97;14;15;3;0.799;;900;;;;;1;;
ClassicGumtree;97;14;15;3;0.799;;1000;;;;;1;;
ClassicGumtree;97;14;5;3;0.799;;1100;;;;;1;;
ClassicGumtree;97;14;18;3;0.799;;1200;;;;;1;;
ClassicGumtree;97;14;6;3;0.799;;1300;;;;;1;;
ClassicGumtree;97;14;8;3;0.799;;1400;;;;;1;;
ClassicGumtree;97;14;17;3;0.799;;1500;;;;;1;;
ClassicGumtree;37;24;13930;3;0.799;;1600;;;;;1;;
ClassicGumtree;37;24;13936;3;0.799;;1700;;;;;1;;
ClassicGumtree;37;24;14030;3;0.799;;1800;;;;;1;;
ClassicGumtree;37;24;13788;3;0.799;;1900;;;;;1;;
ClassicGumtree;37;24;13952;3;0.799;;2000;;;;;1;;
ClassicGumtree;114;13;20;3;0.799;;100;;;;;2;;
ClassicGumtree;114;13;23;3;0.799;;200;;;;;2;;
ClassicGumtree;114;13;5;3;0.799;;300;;;;;2;;
ClassicGumtree;114;13;6;3;0.799;;400;;;;;2;;
ClassicGumtree;114;13;24;3;0.799;;500;;;;;2;;
ClassicGumtree;114;13;17;3;0.799;;600;;;;;2;;
ClassicGumtree;114;13;7;3;0.799;;700;;;;;2;;
ClassicGumtree;114;13;25;3;0.799;;800;;;;;2;;
ClassicGumtree;114;13;26;3;0.799;;900;;;;;2;;
ClassicGumtree;114;13;4;3;0.799;;1000;;;;;2;;
ClassicGumtree;114;13;26;3;0.799;;1100;;;;;2;;
ClassicGumtree;114;13;5;3;0.799;;1200;;;;;2;;
ClassicGumtree;114;13;19;3;0.799;;1300;;;;;2;;
ClassicGumtree;114;13;5;3;0.799;;1400;;;;;2;;
ClassicGumtree;114;13;19;3;0.799;;1500;;;;;2;;
ClassicGumtree;37;24;15536;3;0.799;;1600;;;;;2;;
ClassicGumtree;37;24;15556;3;0.799;;1700;;;;;2;;
ClassicGumtree;37;24;15443;3;0.799;;1800;;;;;2;;
ClassicGumtree;37;24;15443;3;0.799;;1900;;;;;2;;
ClassicGumtree;37;24;15359;3;0.799;;2000;;;;;2;;
ClassicGumtree;236;31;5;3;0.799;;100;;;;;3;;
ClassicGumtree;236;31;54;3;0.799;;200;;;;;3;;
ClassicGumtree;236;31;5;3;0.799;;300;;;;;3;;
ClassicGumtree;236;31;28;3;0.799;;400;;;;;3;;
ClassicGumtree;236;31;5;3;0.799;;500;;;;;3;;
ClassicGumtree;236;31;35;3;0.799;;600;;;;;3;;
ClassicGumtree;236;31;5;3;0.799;;700;;;;;3;;
ClassicGumtree;236;31;41;3;0.799;;800;;;;;3;;
ClassicGumtree;236;31;12;3;0.799;;900;;;;;3;;
ClassicGumtree;236;31;46;3;0.799;;1000;;;;;3;;
ClassicGumtree;236;31;7;3;0.799;;1100;;;;;3;;
ClassicGumtree;236;31;22;3;0.799;;1200;;;;;3;;
ClassicGumtree;236;31;7;3;0.799;;1300;;;;;3;;
ClassicGumtree;236;31;33;3;0.799;;1400;;;;;3;;
ClassicGumtree;236;31;6;3;0.799;;1500;;;;;3;;
ClassicGumtree;37;24;15363;3;0.799;;1600;;;;;3;;
ClassicGumtree;37;24;15363;3;0.799;;1700;;;;;3;;
ClassicGumtree;37;24;15536;3;0.799;;1800;;;;;3;;
ClassicGumtree;37;24;15579;3;0.799;;1900;;;;;3;;
ClassicGumtree;37;24;15399;3;0.799;;2000;;;;;3;;
ClassicGumtree;610;55;24;3;0.799;;100;;;;;4;;
ClassicGumtree;610;55;11;3;0.799;;200;;;;;4;;
ClassicGumtree;610;55;26;3;0.799;;300;;;;;4;;
ClassicGumtree;610;55;6;3;0.799;;400;;;;;4;;
ClassicGumtree;610;55;17;3;0.799;;500;;;;;4;;
ClassicGumtree;610;55;6;3;0.799;;600;;;;;4;;
ClassicGumtree;610;55;6;3;0.799;;700;;;;;4;;
ClassicGumtree;610;55;18;3;0.799;;800;;;;;4;;
ClassicGumtree;610;55;5;3;0.799;;900;;;;;4;;
ClassicGumtree;610;55;18;3;0.799;;1000;;;;;4;;
ClassicGumtree;610;55;26;3;0.799;;1100;;;;;4;;
ClassicGumtree;610;55;6;3;0.799;;1200;;;;;4;;
ClassicGumtree;610;55;23;3;0.799;;1300;;;;;4;;
ClassicGumtree;610;55;23;3;0.799;;1400;;;;;4;;
ClassicGumtree;610;55;20;3;0.799;;1500;;;;;4;;
ClassicGumtree;37;24;14180;3;0.799;;1600;;;;;4;;
ClassicGumtree;37;24;14510;3;0.799;;1700;;;;;4;;
ClassicGumtree;37;24;13981;3;0.799;;1800;;;;;4;;
ClassicGumtree;37;24;14119;3;0.799;;1900;;;;;4;;
ClassicGumtree;37;24;14280;3;0.799;;2000;;;;;4;;
ClassicGumtree;920;17;52;3;0.799;;100;;;;;5;;
ClassicGumtree;920;17;116;3;0.799;;200;;;;;5;;
ClassicGumtree;920;17;72;3;0.799;;300;;;;;5;;
ClassicGumtree;920;17;7;3;0.799;;400;;;;;5;;
ClassicGumtree;920;17;27;3;0.799;;500;;;;;5;;
ClassicGumtree;920;17;26;3;0.799;;600;;;;;5;;
ClassicGumtree;920;17;7;3;0.799;;700;;;;;5;;
ClassicGumtree;920;17;48;3;0.799;;800;;;;;5;;
ClassicGumtree;920;17;33;3;0.799;;900;;;;;5;;
ClassicGumtree;920;17;12;3;0.799;;1000;;;;;5;;
ClassicGumtree;920;17;7;3;0.799;;1100;;;;;5;;
ClassicGumtree;920;17;43;3;0.799;;1200;;;;;5;;
ClassicGumtree;920;17;45;3;0.799;;1300;;;;;5;;
ClassicGumtree;920;17;25;3;0.799;;1400;;;;;5;;
ClassicGumtree;920;17;47;3;0.799;;1500;;;;;5;;
ClassicGumtree;37;24;6923;3;0.799;;1600;;;;;5;;
ClassicGumtree;37;24;6935;3;0.799;;1700;;;;;5;;
ClassicGumtree;37;24;6922;3;0.799;;1800;;;;;5;;
ClassicGumtree;37;24;6993;3;0.799;;1900;;;;;5;;
ClassicGumtree;37;24;6901;3;0.799;;2000;;;;;5;;
ClassicGumtree;97;14;5;3;0.899;;100;;;;;1;;
ClassicGumtree;97;14;47;3;0.899;;200;;;;;1;;
ClassicGumtree;97;14;67;3;0.899;;300;;;;;1;;
ClassicGumtree;97;14;6;3;0.899;;400;;;;;1;;
ClassicGumtree;97;14;30;3;0.899;;500;;;;;1;;
ClassicGumtree;97;14;28;3;0.899;;600;;;;;1;;
ClassicGumtree;97;14;6;3;0.899;;700;;;;;1;;
ClassicGumtree;97;14;6;3;0.899;;800;;;;;1;;
ClassicGumtree;97;14;6;3;0.899;;900;;;;;1;;
ClassicGumtree;97;14;27;3;0.899;;1000;;;;;1;;
ClassicGumtree;97;14;5;3;0.899;;1100;;;;;1;;
ClassicGumtree;97;14;5;3;0.899;;1200;;;;;1;;
ClassicGumtree;97;14;87;3;0.899;;1300;;;;;1;;
ClassicGumtree;97;14;121;3;0.899;;1400;;;;;1;;
ClassicGumtree;97;14;5;3;0.899;;1500;;;;;1;;
ClassicGumtree;37;24;13974;3;0.899;;1600;;;;;1;;
ClassicGumtree;37;24;14222;3;0.899;;1700;;;;;1;;
ClassicGumtree;37;24;14174;3;0.899;;1800;;;;;1;;
ClassicGumtree;37;24;14061;3;0.899;;1900;;;;;1;;
ClassicGumtree;37;24;13926;3;0.899;;2000;;;;;1;;
ClassicGumtree;114;13;17;3;0.899;;100;;;;;2;;
ClassicGumtree;114;13;5;3;0.899;;200;;;;;2;;
ClassicGumtree;114;13;23;3;0.899;;300;;;;;2;;
ClassicGumtree;114;13;5;3;0.899;;400;;;;;2;;
ClassicGumtree;114;13;21;3;0.899;;500;;;;;2;;
ClassicGumtree;114;13;15;3;0.899;;600;;;;;2;;
ClassicGumtree;114;13;16;3;0.899;;700;;;;;2;;
ClassicGumtree;114;13;30;3;0.899;;800;;;;;2;;
ClassicGumtree;114;13;8;3;0.899;;900;;;;;2;;
ClassicGumtree;114;13;15;3;0.899;;1000;;;;;2;;
ClassicGumtree;114;13;6;3;0.899;;1100;;;;;2;;
ClassicGumtree;114;13;10;3;0.899;;1200;;;;;2;;
ClassicGumtree;114;13;30;3;0.899;;1300;;;;;2;;
ClassicGumtree;114;13;6;3;0.899;;1400;;;;;2;;
ClassicGumtree;114;13;6;3;0.899;;1500;;;;;2;;
ClassicGumtree;37;24;14330;3;0.899;;1600;;;;;2;;
ClassicGumtree;37;24;14219;3;0.899;;1700;;;;;2;;
ClassicGumtree;37;24;14318;3;0.899;;1800;;;;;2;;
ClassicGumtree;37;24;14406;3;0.899;;1900;;;;;2;;
ClassicGumtree;37;24;14462;3;0.899;;2000;;;;;2;;
ClassicGumtree;236;31;16;3;0.899;;100;;;;;3;;
ClassicGumtree;236;31;5;3;0.899;;200;;;;;3;;
ClassicGumtree;236;31;6;3;0.899;;300;;;;;3;;
ClassicGumtree;236;31;5;3;0.899;;400;;;;;3;;
ClassicGumtree;236;31;41;3;0.899;;500;;;;;3;;
ClassicGumtree;236;31;6;3;0.899;;600;;;;;3;;
ClassicGumtree;236;31;85;3;0.899;;700;;;;;3;;
ClassicGumtree;236;31;6;3;0.899;;800;;;;;3;;
ClassicGumtree;236;31;72;3;0.899;;900;;;;;3;;
ClassicGumtree;236;31;6;3;0.899;;1000;;;;;3;;
ClassicGumtree;236;31;7;3;0.899;;1100;;;;;3;;
ClassicGumtree;236;31;16;3;0.899;;1200;;;;;3;;
ClassicGumtree;236;31;20;3;0.899;;1300;;;;;3;;
ClassicGumtree;236;31;5;3;0.899;;1400;;;;;3;;
ClassicGumtree;236;31;23;3;0.899;;1500;;;;;3;;
ClassicGumtree;37;24;14632;3;0.899;;1600;;;;;3;;
ClassicGumtree;37;24;14832;3;0.899;;1700;;;;;3;;
ClassicGumtree;37;24;14735;3;0.899;;1800;;;;;3;;
ClassicGumtree;37;24;14699;3;0.899;;1900;;;;;3;;
ClassicGumtree;37;24;14553;3;0.899;;2000;;;;;3;;
ClassicGumtree;630;23;4;3;0.899;;100;;;;;4;;
ClassicGumtree;630;23;26;3;0.899;;200;;;;;4;;
ClassicGumtree;630;23;8;3;0.899;;300;;;;;4;;
ClassicGumtree;630;23;16;3;0.899;;400;;;;;4;;
ClassicGumtree;630;23;28;3;0.899;;500;;;;;4;;
ClassicGumtree;630;23;7;3;0.899;;600;;;;;4;;
ClassicGumtree;630;23;21;3;0.899;;700;;;;;4;;
ClassicGumtree;630;23;20;3;0.899;;800;;;;;4;;
ClassicGumtree;630;23;6;3;0.899;;900;;;;;4;;
ClassicGumtree;630;23;27;3;0.899;;1000;;;;;4;;
ClassicGumtree;630;23;26;3;0.899;;1100;;;;;4;;
ClassicGumtree;630;23;27;3;0.899;;1200;;;;;4;;
ClassicGumtree;630;23;6;3;0.899;;1300;;;;;4;;
ClassicGumtree;630;23;6;3;0.899;;1400;;;;;4;;
ClassicGumtree;630;23;21;3;0.899;;1500;;;;;4;;
ClassicGumtree;37;24;7323;3;0.899;;1600;;;;;4;;
ClassicGumtree;37;24;7283;3;0.899;;1700;;;;;4;;
ClassicGumtree;37;24;7456;3;0.899;;1800;;;;;4;;
ClassicGumtree;37;24;7400;3;0.899;;1900;;;;;4;;
ClassicGumtree;37;24;7498;3;0.899;;2000;;;;;4;;
ClassicGumtree;920;17;25;3;0.899;;100;;;;;5;;
ClassicGumtree;920;17;7;3;0.899;;200;;;;;5;;
ClassicGumtree;920;17;25;3;0.899;;300;;;;;5;;
ClassicGumtree;920;17;7;3;0.899;;400;;;;;5;;
ClassicGumtree;920;17;18;3;0.899;;500;;;;;5;;
ClassicGumtree;920;17;24;3;0.899;;600;;;;;5;;
ClassicGumtree;920;17;26;3;0.899;;700;;;;;5;;
ClassicGumtree;920;17;8;3;0.899;;800;;;;;5;;
ClassicGumtree;920;17;5;3;0.899;;900;;;;;5;;
ClassicGumtree;920;17;9;3;0.899;;1000;;;;;5;;
ClassicGumtree;920;17;29;3;0.899;;1100;;;;;5;;
ClassicGumtree;920;17;7;3;0.899;;1200;;;;;5;;
ClassicGumtree;920;17;33;3;0.899;;1300;;;;;5;;
ClassicGumtree;920;17;6;3;0.899;;1400;;;;;5;;
ClassicGumtree;920;17;60;3;0.899;;1500;;;;;5;;
ClassicGumtree;37;24;8493;3;0.899;;1600;;;;;5;;
ClassicGumtree;37;24;8818;3;0.899;;1700;;;;;5;;
ClassicGumtree;37;24;8761;3;0.899;;1800;;;;;5;;
ClassicGumtree;37;24;8429;3;0.899;;1900;;;;;5;;
ClassicGumtree;37;24;8617;3;0.899;;2000;;;;;5;;
ClassicGumtree;148;53;9;3;0.999;;100;;;;;1;;
ClassicGumtree;148;53;24;3;0.999;;200;;;;;1;;
ClassicGumtree;148;53;5;3;0.999;;300;;;;;1;;
ClassicGumtree;148;53;23;3;0.999;;400;;;;;1;;
ClassicGumtree;148;53;5;3;0.999;;500;;;;;1;;
ClassicGumtree;148;53;15;3;0.999;;600;;;;;1;;
ClassicGumtree;148;53;4;3;0.999;;700;;;;;1;;
ClassicGumtree;148;53;5;3;0.999;;800;;;;;1;;
ClassicGumtree;148;53;3;3;0.999;;900;;;;;1;;
ClassicGumtree;148;53;3;3;0.999;;1000;;;;;1;;
ClassicGumtree;148;53;35;3;0.999;;1100;;;;;1;;
ClassicGumtree;148;53;4;3;0.999;;1200;;;;;1;;
ClassicGumtree;148;53;5;3;0.999;;1300;;;;;1;;
ClassicGumtree;148;53;17;3;0.999;;1400;;;;;1;;
ClassicGumtree;148;53;11;3;0.999;;1500;;;;;1;;
ClassicGumtree;37;24;8850;3;0.999;;1600;;;;;1;;
ClassicGumtree;37;24;8908;3;0.999;;1700;;;;;1;;
ClassicGumtree;37;24;8889;3;0.999;;1800;;;;;1;;
ClassicGumtree;37;24;8993;3;0.999;;1900;;;;;1;;
ClassicGumtree;37;24;8715;3;0.999;;2000;;;;;1;;
ClassicGumtree;164;49;32;3;0.999;;100;;;;;2;;
ClassicGumtree;164;49;5;3;0.999;;200;;;;;2;;
ClassicGumtree;164;49;16;3;0.999;;300;;;;;2;;
ClassicGumtree;164;49;5;3;0.999;;400;;;;;2;;
ClassicGumtree;164;49;50;3;0.999;;500;;;;;2;;
ClassicGumtree;164;49;41;3;0.999;;600;;;;;2;;
ClassicGumtree;164;49;5;3;0.999;;700;;;;;2;;
ClassicGumtree;164;49;31;3;0.999;;800;;;;;2;;
ClassicGumtree;164;49;5;3;0.999;;900;;;;;2;;
ClassicGumtree;164;49;5;3;0.999;;1000;;;;;2;;
ClassicGumtree;164;49;8;3;0.999;;1100;;;;;2;;
ClassicGumtree;164;49;7;3;0.999;;1200;;;;;2;;
ClassicGumtree;164;49;4;3;0.999;;1300;;;;;2;;
ClassicGumtree;164;49;4;3;0.999;;1400;;;;;2;;
ClassicGumtree;164;49;57;3;0.999;;1500;;;;;2;;
ClassicGumtree;37;24;9456;3;0.999;;1600;;;;;2;;
ClassicGumtree;37;24;9475;3;0.999;;1700;;;;;2;;
ClassicGumtree;37;24;9446;3;0.999;;1800;;;;;2;;
ClassicGumtree;37;24;9360;3;0.999;;1900;;;;;2;;
ClassicGumtree;37;24;9448;3;0.999;;2000;;;;;2;;
ClassicGumtree;276;37;5;3;0.999;;100;;;;;3;;
ClassicGumtree;276;37;21;3;0.999;;200;;;;;3;;
ClassicGumtree;276;37;4;3;0.999;;300;;;;;3;;
ClassicGumtree;276;37;40;3;0.999;;400;;;;;3;;
ClassicGumtree;276;37;5;3;0.999;;500;;;;;3;;
ClassicGumtree;276;37;29;3;0.999;;600;;;;;3;;
ClassicGumtree;276;37;8;3;0.999;;700;;;;;3;;
ClassicGumtree;276;37;21;3;0.999;;800;;;;;3;;
ClassicGumtree;276;37;5;3;0.999;;900;;;;;3;;
ClassicGumtree;276;37;5;3;0.999;;1000;;;;;3;;
ClassicGumtree;276;37;25;3;0.999;;1100;;;;;3;;
ClassicGumtree;276;37;27;3;0.999;;1200;;;;;3;;
ClassicGumtree;276;37;4;3;0.999;;1300;;;;;3;;
ClassicGumtree;276;37;6;3;0.999;;1400;;;;;3;;
ClassicGumtree;276;37;5;3;0.999;;1500;;;;;3;;
ClassicGumtree;37;24;9417;3;0.999;;1600;;;;;3;;
ClassicGumtree;37;24;9275;3;0.999;;1700;;;;;3;;
ClassicGumtree;37;24;9396;3;0.999;;1800;;;;;3;;
ClassicGumtree;37;24;9254;3;0.999;;1900;;;;;3;;
ClassicGumtree;37;24;9281;3;0.999;;2000;;;;;3;;
ClassicGumtree;637;22;5;3;0.999;;100;;;;;4;;
ClassicGumtree;637;22;6;3;0.999;;200;;;;;4;;
ClassicGumtree;637;22;5;3;0.999;;300;;;;;4;;
ClassicGumtree;637;22;27;3;0.999;;400;;;;;4;;
ClassicGumtree;637;22;5;3;0.999;;500;;;;;4;;
ClassicGumtree;637;22;26;3;0.999;;600;;;;;4;;
ClassicGumtree;637;22;5;3;0.999;;700;;;;;4;;
ClassicGumtree;637;22;31;3;0.999;;800;;;;;4;;
ClassicGumtree;637;22;6;3;0.999;;900;;;;;4;;
ClassicGumtree;637;22;18;3;0.999;;1000;;;;;4;;
ClassicGumtree;637;22;24;3;0.999;;1100;;;;;4;;
ClassicGumtree;637;22;4;3;0.999;;1200;;;;;4;;
ClassicGumtree;637;22;6;3;0.999;;1300;;;;;4;;
ClassicGumtree;637;22;19;3;0.999;;1400;;;;;4;;
ClassicGumtree;637;22;26;3;0.999;;1500;;;;;4;;
ClassicGumtree;37;24;8611;3;0.999;;1600;;;;;4;;
ClassicGumtree;37;24;8740;3;0.999;;1700;;;;;4;;
ClassicGumtree;37;24;8679;3;0.999;;1800;;;;;4;;
ClassicGumtree;37;24;8735;3;0.999;;1900;;;;;4;;
ClassicGumtree;37;24;8672;3;0.999;;2000;;;;;4;;
ClassicGumtree;927;16;33;3;0.999;;100;;;;;5;;
ClassicGumtree;927;16;21;3;0.999;;200;;;;;5;;
ClassicGumtree;927;16;6;3;0.999;;300;;;;;5;;
ClassicGumtree;927;16;43;3;0.999;;400;;;;;5;;
ClassicGumtree;927;16;41;3;0.999;;500;;;;;5;;
ClassicGumtree;927;16;6;3;0.999;;600;;;;;5;;
ClassicGumtree;927;16;6;3;0.999;;700;;;;;5;;
ClassicGumtree;927;16;19;3;0.999;;800;;;;;5;;
ClassicGumtree;927;16;45;3;0.999;;900;;;;;5;;
ClassicGumtree;927;16;10;3;0.999;;1000;;;;;5;;
ClassicGumtree;927;16;9;3;0.999;;1100;;;;;5;;
ClassicGumtree;927;16;4;3;0.999;;1200;;;;;5;;
ClassicGumtree;927;16;38;3;0.999;;1300;;;;;5;;
ClassicGumtree;927;16;5;3;0.999;;1400;;;;;5;;
ClassicGumtree;927;16;20;3;0.999;;1500;;;;;5;;
ClassicGumtree;37;24;8515;3;0.999;;1600;;;;;5;;
ClassicGumtree;37;24;8514;3;0.999;;1700;;;;;5;;
ClassicGumtree;37;24;8488;3;0.999;;1800;;;;;5;;
ClassicGumtree;37;24;8523;3;0.999;;1900;;;;;5;;
ClassicGumtree;37;24;8502;3;0.999;;2000;;;;;5;;
CompleteGumtreeMatcher;121;57;43;3;0.1;;100;;;;;1;;
CompleteGumtreeMatcher;121;57;26;3;0.1;;200;;;;;1;;
CompleteGumtreeMatcher;121;57;21;3;0.1;;300;;;;;1;;
CompleteGumtreeMatcher;121;57;31;3;0.1;;400;;;;;1;;
CompleteGumtreeMatcher;121;57;20;3;0.1;;500;;;;;1;;
CompleteGumtreeMatcher;121;57;44;3;0.1;;600;;;;;1;;
CompleteGumtreeMatcher;121;57;41;3;0.1;;700;;;;;1;;
CompleteGumtreeMatcher;121;57;32;3;0.1;;800;;;;;1;;
CompleteGumtreeMatcher;121;57;23;3;0.1;;900;;;;;1;;
CompleteGumtreeMatcher;121;57;33;3;0.1;;1000;;;;;1;;
CompleteGumtreeMatcher;121;57;61;3;0.1;;1100;;;;;1;;
CompleteGumtreeMatcher;121;57;54;3;0.1;;1200;;;;;1;;
CompleteGumtreeMatcher;121;57;51;3;0.1;;1300;;;;;1;;
CompleteGumtreeMatcher;121;57;53;3;0.1;;1400;;;;;1;;
CompleteGumtreeMatcher;121;57;63;3;0.1;;1500;;;;;1;;
CompleteGumtreeMatcher;51;22;7326;3;0.1;;1600;;;;;1;;
CompleteGumtreeMatcher;51;22;7309;3;0.1;;1700;;;;;1;;
CompleteGumtreeMatcher;51;22;7431;3;0.1;;1800;;;;;1;;
CompleteGumtreeMatcher;51;22;7348;3;0.1;;1900;;;;;1;;
CompleteGumtreeMatcher;51;22;7265;3;0.1;;2000;;;;;1;;
CompleteGumtreeMatcher;136;54;8;3;0.1;;100;;;;;2;;
CompleteGumtreeMatcher;136;54;66;3;0.1;;200;;;;;2;;
CompleteGumtreeMatcher;136;54;61;3;0.1;;300;;;;;2;;
CompleteGumtreeMatcher;136;54;8;3;0.1;;400;;;;;2;;
CompleteGumtreeMatcher;136;54;64;3;0.1;;500;;;;;2;;
CompleteGumtreeMatcher;136;54;85;3;0.1;;600;;;;;2;;
CompleteGumtreeMatcher;136;54;115;3;0.1;;700;;;;;2;;
CompleteGumtreeMatcher;136;54;8;3;0.1;;800;;;;;2;;
CompleteGumtreeMatcher;136;54;8;3;0.1;;900;;;;;2;;
CompleteGumtreeMatcher;136;54;41;3;0.1;;1000;;;;;2;;
CompleteGumtreeMatcher;136;54;62;3;0.1;;1100;;;;;2;;
CompleteGumtreeMatcher;136;54;117;3;0.1;;1200;;;;;2;;
CompleteGumtreeMatcher;136;54;40;3;0.1;;1300;;;;;2;;
CompleteGumtreeMatcher;136;54;75;3;0.1;;1400;;;;;2;;
CompleteGumtreeMatcher;136;54;54;3;0.1;;1500;;;;;2;;
CompleteGumtreeMatcher;49;21;7289;3;0.1;;1600;;;;;2;;
CompleteGumtreeMatcher;49;21;7187;3;0.1;;1700;;;;;2;;
CompleteGumtreeMatcher;49;21;7251;3;0.1;;1800;;;;;2;;
CompleteGumtreeMatcher;49;21;7218;3;0.1;;1900;;;;;2;;
CompleteGumtreeMatcher;49;21;7317;3;0.1;;2000;;;;;2;;
CompleteGumtreeMatcher;269;43;38;3;0.1;;100;;;;;3;;
CompleteGumtreeMatcher;269;43;30;3;0.1;;200;;;;;3;;
CompleteGumtreeMatcher;269;43;5;3;0.1;;300;;;;;3;;
CompleteGumtreeMatcher;269;43;10;3;0.1;;400;;;;;3;;
CompleteGumtreeMatcher;269;43;12;3;0.1;;500;;;;;3;;
CompleteGumtreeMatcher;269;43;69;3;0.1;;600;;;;;3;;
CompleteGumtreeMatcher;269;43;27;3;0.1;;700;;;;;3;;
CompleteGumtreeMatcher;269;43;4;3;0.1;;800;;;;;3;;
CompleteGumtreeMatcher;269;43;4;3;0.1;;900;;;;;3;;
CompleteGumtreeMatcher;269;43;32;3;0.1;;1000;;;;;3;;
CompleteGumtreeMatcher;269;43;41;3;0.1;;1100;;;;;3;;
CompleteGumtreeMatcher;269;43;5;3;0.1;;1200;;;;;3;;
CompleteGumtreeMatcher;269;43;38;3;0.1;;1300;;;;;3;;
CompleteGumtreeMatcher;269;43;46;3;0.1;;1400;;;;;3;;
CompleteGumtreeMatcher;269;43;42;3;0.1;;1500;;;;;3;;
CompleteGumtreeMatcher;46;33;7625;3;0.1;;1600;;;;;3;;
CompleteGumtreeMatcher;46;33;7448;3;0.1;;1700;;;;;3;;
CompleteGumtreeMatcher;46;33;7429;3;0.1;;1800;;;;;3;;
CompleteGumtreeMatcher;46;33;7507;3;0.1;;1900;;;;;3;;
CompleteGumtreeMatcher;46;33;7543;3;0.1;;2000;;;;;3;;
CompleteGumtreeMatcher;633;24;31;3;0.1;;100;;;;;4;;
CompleteGumtreeMatcher;633;24;7;3;0.1;;200;;;;;4;;
CompleteGumtreeMatcher;633;24;36;3;0.1;;300;;;;;4;;
CompleteGumtreeMatcher;633;24;7;3;0.1;;400;;;;;4;;
CompleteGumtreeMatcher;633;24;26;3;0.1;;500;;;;;4;;
CompleteGumtreeMatcher;633;24;49;3;0.1;;600;;;;;4;;
CompleteGumtreeMatcher;633;24;41;3;0.1;;700;;;;;4;;
CompleteGumtreeMatcher;633;24;5;3;0.1;;800;;;;;4;;
CompleteGumtreeMatcher;633;24;52;3;0.1;;900;;;;;4;;
CompleteGumtreeMatcher;633;24;7;3;0.1;;1000;;;;;4;;
CompleteGumtreeMatcher;633;24;20;3;0.1;;1100;;;;;4;;
CompleteGumtreeMatcher;633;24;6;3;0.1;;1200;;;;;4;;
CompleteGumtreeMatcher;633;24;6;3;0.1;;1300;;;;;4;;
CompleteGumtreeMatcher;633;24;5;3;0.1;;1400;;;;;4;;
CompleteGumtreeMatcher;633;24;80;3;0.1;;1500;;;;;4;;
CompleteGumtreeMatcher;40;27;7432;3;0.1;;1600;;;;;4;;
CompleteGumtreeMatcher;40;27;7600;3;0.1;;1700;;;;;4;;
CompleteGumtreeMatcher;40;27;7539;3;0.1;;1800;;;;;4;;
CompleteGumtreeMatcher;40;27;7543;3;0.1;;1900;;;;;4;;
CompleteGumtreeMatcher;40;27;7348;3;0.1;;2000;;;;;4;;
CompleteGumtreeMatcher;923;18;29;3;0.1;;100;;;;;5;;
CompleteGumtreeMatcher;923;18;28;3;0.1;;200;;;;;5;;
CompleteGumtreeMatcher;923;18;6;3;0.1;;300;;;;;5;;
CompleteGumtreeMatcher;923;18;32;3;0.1;;400;;;;;5;;
CompleteGumtreeMatcher;923;18;6;3;0.1;;500;;;;;5;;
CompleteGumtreeMatcher;923;18;34;3;0.1;;600;;;;;5;;
CompleteGumtreeMatcher;923;18;31;3;0.1;;700;;;;;5;;
CompleteGumtreeMatcher;923;18;34;3;0.1;;800;;;;;5;;
CompleteGumtreeMatcher;923;18;18;3;0.1;;900;;;;;5;;
CompleteGumtreeMatcher;923;18;6;3;0.1;;1000;;;;;5;;
CompleteGumtreeMatcher;923;18;79;3;0.1;;1100;;;;;5;;
CompleteGumtreeMatcher;923;18;77;3;0.1;;1200;;;;;5;;
CompleteGumtreeMatcher;923;18;8;3;0.1;;1300;;;;;5;;
CompleteGumtreeMatcher;923;18;73;3;0.1;;1400;;;;;5;;
CompleteGumtreeMatcher;923;18;74;3;0.1;;1500;;;;;5;;
CompleteGumtreeMatcher;40;27;7400;3;0.1;;1600;;;;;5;;
CompleteGumtreeMatcher;40;27;7525;3;0.1;;1700;;;;;5;;
CompleteGumtreeMatcher;40;27;7427;3;0.1;;1800;;;;;5;;
CompleteGumtreeMatcher;40;27;7439;3;0.1;;1900;;;;;5;;
CompleteGumtreeMatcher;40;27;7463;3;0.1;;2000;;;;;5;;
CompleteGumtreeMatcher;121;57;15;3;0.2;;100;;;;;1;;
CompleteGumtreeMatcher;121;57;5;3;0.2;;200;;;;;1;;
CompleteGumtreeMatcher;121;57;12;3;0.2;;300;;;;;1;;
CompleteGumtreeMatcher;121;57;6;3;0.2;;400;;;;;1;;
CompleteGumtreeMatcher;121;57;25;3;0.2;;500;;;;;1;;
CompleteGumtreeMatcher;121;57;18;3;0.2;;600;;;;;1;;
CompleteGumtreeMatcher;121;57;7;3;0.2;;700;;;;;1;;
CompleteGumtreeMatcher;121;57;6;3;0.2;;800;;;;;1;;
CompleteGumtreeMatcher;121;57;7;3;0.2;;900;;;;;1;;
CompleteGumtreeMatcher;121;57;19;3;0.2;;1000;;;;;1;;
CompleteGumtreeMatcher;121;57;40;3;0.2;;1100;;;;;1;;
CompleteGumtreeMatcher;121;57;6;3;0.2;;1200;;;;;1;;
CompleteGumtreeMatcher;121;57;14;3;0.2;;1300;;;;;1;;
CompleteGumtreeMatcher;121;57;6;3;0.2;;1400;;;;;1;;
CompleteGumtreeMatcher;121;57;6;3;0.2;;1500;;;;;1;;
CompleteGumtreeMatcher;51;22;7555;3;0.2;;1600;;;;;1;;
CompleteGumtreeMatcher;51;22;7474;3;0.2;;1700;;;;;1;;
CompleteGumtreeMatcher;51;22;7386;3;0.2;;1800;;;;;1;;
CompleteGumtreeMatcher;51;22;7521;3;0.2;;1900;;;;;1;;
CompleteGumtreeMatcher;51;22;7401;3;0.2;;2000;;;;;1;;
CompleteGumtreeMatcher;136;54;29;3;0.2;;100;;;;;2;;
CompleteGumtreeMatcher;136;54;6;3;0.2;;200;;;;;2;;
CompleteGumtreeMatcher;136;54;47;3;0.2;;300;;;;;2;;
CompleteGumtreeMatcher;136;54;7;3;0.2;;400;;;;;2;;
CompleteGumtreeMatcher;136;54;6;3;0.2;;500;;;;;2;;
CompleteGumtreeMatcher;136;54;27;3;0.2;;600;;;;;2;;
CompleteGumtreeMatcher;136;54;173;3;0.2;;700;;;;;2;;
CompleteGumtreeMatcher;136;54;26;3;0.2;;800;;;;;2;;
CompleteGumtreeMatcher;136;54;5;3;0.2;;900;;;;;2;;
CompleteGumtreeMatcher;136;54;26;3;0.2;;1000;;;;;2;;
CompleteGumtreeMatcher;136;54;5;3;0.2;;1100;;;;;2;;
CompleteGumtreeMatcher;136;54;6;3;0.2;;1200;;;;;2;;
CompleteGumtreeMatcher;136;54;39;3;0.2;;1300;;;;;2;;
CompleteGumtreeMatcher;136;54;5;3;0.2;;1400;;;;;2;;
CompleteGumtreeMatcher;136;54;46;3;0.2;;1500;;;;;2;;
CompleteGumtreeMatcher;49;21;7892;3;0.2;;1600;;;;;2;;
CompleteGumtreeMatcher;49;21;7982;3;0.2;;1700;;;;;2;;
CompleteGumtreeMatcher;49;21;7835;3;0.2;;1800;;;;;2;;
CompleteGumtreeMatcher;49;21;8061;3;0.2;;1900;;;;;2;;
CompleteGumtreeMatcher;49;21;7913;3;0.2;;2000;;;;;2;;
CompleteGumtreeMatcher;269;43;6;3;0.2;;100;;;;;3;;
CompleteGumtreeMatcher;269;43;29;3;0.2;;200;;;;;3;;
CompleteGumtreeMatcher;269;43;5;3;0.2;;300;;;;;3;;
CompleteGumtreeMatcher;269;43;79;3;0.2;;400;;;;;3;;
CompleteGumtreeMatcher;269;43;34;3;0.2;;500;;;;;3;;
CompleteGumtreeMatcher;269;43;6;3;0.2;;600;;;;;3;;
CompleteGumtreeMatcher;269;43;6;3;0.2;;700;;;;;3;;
CompleteGumtreeMatcher;269;43;5;3;0.2;;800;;;;;3;;
CompleteGumtreeMatcher;269;43;6;3;0.2;;900;;;;;3;;
CompleteGumtreeMatcher;269;43;75;3;0.2;;1000;;;;;3;;
CompleteGumtreeMatcher;269;43;29;3;0.2;;1100;;;;;3;;
CompleteGumtreeMatcher;269;43;27;3;0.2;;1200;;;;;3;;
CompleteGumtreeMatcher;269;43;39;3;0.2;;1300;;;;;3;;
CompleteGumtreeMatcher;269;43;7;3;0.2;;1400;;;;;3;;
CompleteGumtreeMatcher;269;43;6;3;0.2;;1500;;;;;3;;
CompleteGumtreeMatcher;46;33;7741;3;0.2;;1600;;;;;3;;
CompleteGumtreeMatcher;46;33;7903;3;0.2;;1700;;;;;3;;
CompleteGumtreeMatcher;46;33;7785;3;0.2;;1800;;;;;3;;
CompleteGumtreeMatcher;46;33;7904;3;0.2;;1900;;;;;3;;
CompleteGumtreeMatcher;46;33;7789;3;0.2;;2000;;;;;3;;
CompleteGumtreeMatcher;633;24;4;3;0.2;;100;;;;;4;;
CompleteGumtreeMatcher;633;24;26;3;0.2;;200;;;;;4;;
CompleteGumtreeMatcher;633;24;6;3;0.2;;300;;;;;4;;
CompleteGumtreeMatcher;633;24;22;3;0.2;;400;;;;;4;;
CompleteGumtreeMatcher;633;24;9;3;0.2;;500;;;;;4;;
CompleteGumtreeMatcher;633;24;22;3;0.2;;600;;;;;4;;
CompleteGumtreeMatcher;633;24;29;3;0.2;;700;;;;;4;;
CompleteGumtreeMatcher;633;24;5;3;0.2;;800;;;;;4;;
CompleteGumtreeMatcher;633;24;28;3;0.2;;900;;;;;4;;
CompleteGumtreeMatcher;633;24;5;3;0.2;;1000;;;;;4;;
CompleteGumtreeMatcher;633;24;26;3;0.2;;1100;;;;;4;;
CompleteGumtreeMatcher;633;24;5;3;0.2;;1200;;;;;4;;
CompleteGumtreeMatcher;633;24;31;3;0.2;;1300;;;;;4;;
CompleteGumtreeMatcher;633;24;6;3;0.2;;1400;;;;;4;;
CompleteGumtreeMatcher;633;24;30;3;0.2;;1500;;;;;4;;
CompleteGumtreeMatcher;40;27;7086;3;0.2;;1600;;;;;4;;
CompleteGumtreeMatcher;40;27;7066;3;0.2;;1700;;;;;4;;
CompleteGumtreeMatcher;40;27;7081;3;0.2;;1800;;;;;4;;
CompleteGumtreeMatcher;40;27;7069;3;0.2;;1900;;;;;4;;
CompleteGumtreeMatcher;40;27;7018;3;0.2;;2000;;;;;4;;
CompleteGumtreeMatcher;923;18;7;3;0.2;;100;;;;;5;;
CompleteGumtreeMatcher;923;18;27;3;0.2;;200;;;;;5;;
CompleteGumtreeMatcher;923;18;5;3;0.2;;300;;;;;5;;
CompleteGumtreeMatcher;923;18;84;3;0.2;;400;;;;;5;;
CompleteGumtreeMatcher;923;18;37;3;0.2;;500;;;;;5;;
CompleteGumtreeMatcher;923;18;7;3;0.2;;600;;;;;5;;
CompleteGumtreeMatcher;923;18;14;3;0.2;;700;;;;;5;;
CompleteGumtreeMatcher;923;18;6;3;0.2;;800;;;;;5;;
CompleteGumtreeMatcher;923;18;6;3;0.2;;900;;;;;5;;
CompleteGumtreeMatcher;923;18;47;3;0.2;;1000;;;;;5;;
CompleteGumtreeMatcher;923;18;48;3;0.2;;1100;;;;;5;;
CompleteGumtreeMatcher;923;18;5;3;0.2;;1200;;;;;5;;
CompleteGumtreeMatcher;923;18;8;3;0.2;;1300;;;;;5;;
CompleteGumtreeMatcher;923;18;10;3;0.2;;1400;;;;;5;;
CompleteGumtreeMatcher;923;18;17;3;0.2;;1500;;;;;5;;
CompleteGumtreeMatcher;40;27;6888;3;0.2;;1600;;;;;5;;
CompleteGumtreeMatcher;40;27;7086;3;0.2;;1700;;;;;5;;
CompleteGumtreeMatcher;40;27;7153;3;0.2;;1800;;;;;5;;
CompleteGumtreeMatcher;40;27;7080;3;0.2;;1900;;;;;5;;
CompleteGumtreeMatcher;40;27;7068;3;0.2;;2000;;;;;5;;
CompleteGumtreeMatcher;135;57;6;3;0.3;;100;;;;;1;;
CompleteGumtreeMatcher;135;57;35;3;0.3;;200;;;;;1;;
CompleteGumtreeMatcher;135;57;5;3;0.3;;300;;;;;1;;
CompleteGumtreeMatcher;135;57;19;3;0.3;;400;;;;;1;;
CompleteGumtreeMatcher;135;57;5;3;0.3;;500;;;;;1;;
CompleteGumtreeMatcher;135;57;6;3;0.3;;600;;;;;1;;
CompleteGumtreeMatcher;135;57;15;3;0.3;;700;;;;;1;;
CompleteGumtreeMatcher;135;57;22;3;0.3;;800;;;;;1;;
CompleteGumtreeMatcher;135;57;5;3;0.3;;900;;;;;1;;
CompleteGumtreeMatcher;135;57;32;3;0.3;;1000;;;;;1;;
CompleteGumtreeMatcher;135;57;33;3;0.3;;1100;;;;;1;;
CompleteGumtreeMatcher;135;57;5;3;0.3;;1200;;;;;1;;
CompleteGumtreeMatcher;135;57;8;3;0.3;;1300;;;;;1;;
CompleteGumtreeMatcher;135;57;93;3;0.3;;1400;;;;;1;;
CompleteGumtreeMatcher;135;57;103;3;0.3;;1500;;;;;1;;
CompleteGumtreeMatcher;42;30;7390;3;0.3;;1600;;;;;1;;
CompleteGumtreeMatcher;42;30;7351;3;0.3;;1700;;;;;1;;
CompleteGumtreeMatcher;42;30;7439;3;0.3;;1800;;;;;1;;
CompleteGumtreeMatcher;42;30;7356;3;0.3;;1900;;;;;1;;
CompleteGumtreeMatcher;42;30;7231;3;0.3;;2000;;;;;1;;
CompleteGumtreeMatcher;150;54;5;3;0.3;;100;;;;;2;;
CompleteGumtreeMatcher;150;54;5;3;0.3;;200;;;;;2;;
CompleteGumtreeMatcher;150;54;5;3;0.3;;300;;;;;2;;
CompleteGumtreeMatcher;150;54;16;3;0.3;;400;;;;;2;;
CompleteGumtreeMatcher;150;54;5;3;0.3;;500;;;;;2;;
CompleteGumtreeMatcher;150;54;26;3;0.3;;600;;;;;2;;
CompleteGumtreeMatcher;150;54;5;3;0.3;;700;;;;;2;;
CompleteGumtreeMatcher;150;54;5;3;0.3;;800;;;;;2;;
CompleteGumtreeMatcher;150;54;23;3;0.3;;900;;;;;2;;
CompleteGumtreeMatcher;150;54;16;3;0.3;;1000;;;;;2;;
CompleteGumtreeMatcher;150;54;6;3;0.3;;1100;;;;;2;;
CompleteGumtreeMatcher;150;54;5;3;0.3;;1200;;;;;2;;
CompleteGumtreeMatcher;150;54;17;3;0.3;;1300;;;;;2;;
CompleteGumtreeMatcher;150;54;18;3;0.3;;1400;;;;;2;;
CompleteGumtreeMatcher;150;54;5;3;0.3;;1500;;;;;2;;
CompleteGumtreeMatcher;40;29;7257;3;0.3;;1600;;;;;2;;
CompleteGumtreeMatcher;40;29;7330;3;0.3;;1700;;;;;2;;
CompleteGumtreeMatcher;40;29;7275;3;0.3;;1800;;;;;2;;
CompleteGumtreeMatcher;40;29;7278;3;0.3;;1900;;;;;2;;
CompleteGumtreeMatcher;40;29;7276;3;0.3;;2000;;;;;2;;
CompleteGumtreeMatcher;269;43;5;3;0.3;;100;;;;;3;;
CompleteGumtreeMatcher;269;43;22;3;0.3;;200;;;;;3;;
CompleteGumtreeMatcher;269;43;5;3;0.3;;300;;;;;3;;
CompleteGumtreeMatcher;269;43;15;3;0.3;;400;;;;;3;;
CompleteGumtreeMatcher;269;43;5;3;0.3;;500;;;;;3;;
CompleteGumtreeMatcher;269;43;27;3;0.3;;600;;;;;3;;
CompleteGumtreeMatcher;269;43;7;3;0.3;;700;;;;;3;;
CompleteGumtreeMatcher;269;43;25;3;0.3;;800;;;;;3;;
CompleteGumtreeMatcher;269;43;7;3;0.3;;900;;;;;3;;
CompleteGumtreeMatcher;269;43;19;3;0.3;;1000;;;;;3;;
CompleteGumtreeMatcher;269;43;5;3;0.3;;1100;;;;;3;;
CompleteGumtreeMatcher;269;43;17;3;0.3;;1200;;;;;3;;
CompleteGumtreeMatcher;269;43;19;3;0.3;;1300;;;;;3;;
CompleteGumtreeMatcher;269;43;5;3;0.3;;1400;;;;;3;;
CompleteGumtreeMatcher;269;43;22;3;0.3;;1500;;;;;3;;
CompleteGumtreeMatcher;46;33;7179;3;0.3;;1600;;;;;3;;
CompleteGumtreeMatcher;46;33;7080;3;0.3;;1700;;;;;3;;
CompleteGumtreeMatcher;46;33;7144;3;0.3;;1800;;;;;3;;
CompleteGumtreeMatcher;46;33;7169;3;0.3;;1900;;;;;3;;
CompleteGumtreeMatcher;46;33;7162;3;0.3;;2000;;;;;3;;
CompleteGumtreeMatcher;633;24;5;3;0.3;;100;;;;;4;;
CompleteGumtreeMatcher;633;24;5;3;0.3;;200;;;;;4;;
CompleteGumtreeMatcher;633;24;22;3;0.3;;300;;;;;4;;
CompleteGumtreeMatcher;633;24;23;3;0.3;;400;;;;;4;;
CompleteGumtreeMatcher;633;24;15;3;0.3;;500;;;;;4;;
CompleteGumtreeMatcher;633;24;5;3;0.3;;600;;;;;4;;
CompleteGumtreeMatcher;633;24;20;3;0.3;;700;;;;;4;;
CompleteGumtreeMatcher;633;24;5;3;0.3;;800;;;;;4;;
CompleteGumtreeMatcher;633;24;5;3;0.3;;900;;;;;4;;
CompleteGumtreeMatcher;633;24;25;3;0.3;;1000;;;;;4;;
CompleteGumtreeMatcher;633;24;26;3;0.3;;1100;;;;;4;;
CompleteGumtreeMatcher;633;24;8;3;0.3;;1200;;;;;4;;
CompleteGumtreeMatcher;633;24;4;3;0.3;;1300;;;;;4;;
CompleteGumtreeMatcher;633;24;144;3;0.3;;1400;;;;;4;;
CompleteGumtreeMatcher;633;24;17;3;0.3;;1500;;;;;4;;
CompleteGumtreeMatcher;40;27;6929;3;0.3;;1600;;;;;4;;
CompleteGumtreeMatcher;40;27;7170;3;0.3;;1700;;;;;4;;
CompleteGumtreeMatcher;40;27;6997;3;0.3;;1800;;;;;4;;
CompleteGumtreeMatcher;40;27;7323;3;0.3;;1900;;;;;4;;
CompleteGumtreeMatcher;40;27;7029;3;0.3;;2000;;;;;4;;
CompleteGumtreeMatcher;923;18;21;3;0.3;;100;;;;;5;;
CompleteGumtreeMatcher;923;18;6;3;0.3;;200;;;;;5;;
CompleteGumtreeMatcher;923;18;34;3;0.3;;300;;;;;5;;
CompleteGumtreeMatcher;923;18;7;3;0.3;;400;;;;;5;;
CompleteGumtreeMatcher;923;18;24;3;0.3;;500;;;;;5;;
CompleteGumtreeMatcher;923;18;6;3;0.3;;600;;;;;5;;
CompleteGumtreeMatcher;923;18;22;3;0.3;;700;;;;;5;;
CompleteGumtreeMatcher;923;18;15;3;0.3;;800;;;;;5;;
CompleteGumtreeMatcher;923;18;5;3;0.3;;900;;;;;5;;
CompleteGumtreeMatcher;923;18;25;3;0.3;;1000;;;;;5;;
CompleteGumtreeMatcher;923;18;5;3;0.3;;1100;;;;;5;;
CompleteGumtreeMatcher;923;18;5;3;0.3;;1200;;;;;5;;
CompleteGumtreeMatcher;923;18;20;3;0.3;;1300;;;;;5;;
CompleteGumtreeMatcher;923;18;25;3;0.3;;1400;;;;;5;;
CompleteGumtreeMatcher;923;18;21;3;0.3;;1500;;;;;5;;
CompleteGumtreeMatcher;40;27;7523;3;0.3;;1600;;;;;5;;
CompleteGumtreeMatcher;40;27;7734;3;0.3;;1700;;;;;5;;
CompleteGumtreeMatcher;40;27;7632;3;0.3;;1800;;;;;5;;
CompleteGumtreeMatcher;40;27;7712;3;0.3;;1900;;;;;5;;
CompleteGumtreeMatcher;40;27;7719;3;0.3;;2000;;;;;5;;
CompleteGumtreeMatcher;135;57;5;3;0.4;;100;;;;;1;;
CompleteGumtreeMatcher;135;57;31;3;0.4;;200;;;;;1;;
CompleteGumtreeMatcher;135;57;20;3;0.4;;300;;;;;1;;
CompleteGumtreeMatcher;135;57;6;3;0.4;;400;;;;;1;;
CompleteGumtreeMatcher;135;57;26;3;0.4;;500;;;;;1;;
CompleteGumtreeMatcher;135;57;6;3;0.4;;600;;;;;1;;
CompleteGumtreeMatcher;135;57;22;3;0.4;;700;;;;;1;;
CompleteGumtreeMatcher;135;57;5;3;0.4;;800;;;;;1;;
CompleteGumtreeMatcher;135;57;5;3;0.4;;900;;;;;1;;
CompleteGumtreeMatcher;135;57;5;3;0.4;;1000;;;;;1;;
CompleteGumtreeMatcher;135;57;20;3;0.4;;1100;;;;;1;;
CompleteGumtreeMatcher;135;57;5;3;0.4;;1200;;;;;1;;
CompleteGumtreeMatcher;135;57;91;3;0.4;;1300;;;;;1;;
CompleteGumtreeMatcher;135;57;4;3;0.4;;1400;;;;;1;;
CompleteGumtreeMatcher;135;57;90;3;0.4;;1500;;;;;1;;
CompleteGumtreeMatcher;42;30;7570;3;0.4;;1600;;;;;1;;
CompleteGumtreeMatcher;42;30;7605;3;0.4;;1700;;;;;1;;
CompleteGumtreeMatcher;42;30;7552;3;0.4;;1800;;;;;1;;
CompleteGumtreeMatcher;42;30;7518;3;0.4;;1900;;;;;1;;
CompleteGumtreeMatcher;42;30;7604;3;0.4;;2000;;;;;1;;
CompleteGumtreeMatcher;150;54;24;3;0.4;;100;;;;;2;;
CompleteGumtreeMatcher;150;54;3;3;0.4;;200;;;;;2;;
CompleteGumtreeMatcher;150;54;3;3;0.4;;300;;;;;2;;
CompleteGumtreeMatcher;150;54;17;3;0.4;;400;;;;;2;;
CompleteGumtreeMatcher;150;54;4;3;0.4;;500;;;;;2;;
CompleteGumtreeMatcher;150;54;25;3;0.4;;600;;;;;2;;
CompleteGumtreeMatcher;150;54;5;3;0.4;;700;;;;;2;;
CompleteGumtreeMatcher;150;54;26;3;0.4;;800;;;;;2;;
CompleteGumtreeMatcher;150;54;6;3;0.4;;900;;;;;2;;
CompleteGumtreeMatcher;150;54;27;3;0.4;;1000;;;;;2;;
CompleteGumtreeMatcher;150;54;6;3;0.4;;1100;;;;;2;;
CompleteGumtreeMatcher;150;54;5;3;0.4;;1200;;;;;2;;
CompleteGumtreeMatcher;150;54;41;3;0.4;;1300;;;;;2;;
CompleteGumtreeMatcher;150;54;6;3;0.4;;1400;;;;;2;;
CompleteGumtreeMatcher;150;54;26;3;0.4;;1500;;;;;2;;
CompleteGumtreeMatcher;40;29;7159;3;0.4;;1600;;;;;2;;
CompleteGumtreeMatcher;40;29;7506;3;0.4;;1700;;;;;2;;
CompleteGumtreeMatcher;40;29;7268;3;0.4;;1800;;;;;2;;
CompleteGumtreeMatcher;40;29;7453;3;0.4;;1900;;;;;2;;
CompleteGumtreeMatcher;40;29;7356;3;0.4;;2000;;;;;2;;
CompleteGumtreeMatcher;269;43;6;3;0.4;;100;;;;;3;;
CompleteGumtreeMatcher;269;43;31;3;0.4;;200;;;;;3;;
CompleteGumtreeMatcher;269;43;31;3;0.4;;300;;;;;3;;
CompleteGumtreeMatcher;269;43;5;3;0.4;;400;;;;;3;;
CompleteGumtreeMatcher;269;43;49;3;0.4;;500;;;;;3;;
CompleteGumtreeMatcher;269;43;25;3;0.4;;600;;;;;3;;
CompleteGumtreeMatcher;269;43;5;3;0.4;;700;;;;;3;;
CompleteGumtreeMatcher;269;43;5;3;0.4;;800;;;;;3;;
CompleteGumtreeMatcher;269;43;28;3;0.4;;900;;;;;3;;
CompleteGumtreeMatcher;269;43;27;3;0.4;;1000;;;;;3;;
CompleteGumtreeMatcher;269;43;7;3;0.4;;1100;;;;;3;;
CompleteGumtreeMatcher;269;43;64;3;0.4;;1200;;;;;3;;
CompleteGumtreeMatcher;269;43;5;3;0.4;;1300;;;;;3;;
CompleteGumtreeMatcher;269;43;36;3;0.4;;1400;;;;;3;;
CompleteGumtreeMatcher;269;43;36;3;0.4;;1500;;;;;3;;
CompleteGumtreeMatcher;46;33;7278;3;0.4;;1600;;;;;3;;
CompleteGumtreeMatcher;46;33;7123;3;0.4;;1700;;;;;3;;
CompleteGumtreeMatcher;46;33;7364;3;0.4;;1800;;;;;3;;
CompleteGumtreeMatcher;46;33;7183;3;0.4;;1900;;;;;3;;
CompleteGumtreeMatcher;46;33;7184;3;0.4;;2000;;;;;3;;
CompleteGumtreeMatcher;633;24;5;3;0.4;;100;;;;;4;;
CompleteGumtreeMatcher;633;24;29;3;0.4;;200;;;;;4;;
CompleteGumtreeMatcher;633;24;5;3;0.4;;300;;;;;4;;
CompleteGumtreeMatcher;633;24;74;3;0.4;;400;;;;;4;;
CompleteGumtreeMatcher;633;24;5;3;0.4;;500;;;;;4;;
CompleteGumtreeMatcher;633;24;5;3;0.4;;600;;;;;4;;
CompleteGumtreeMatcher;633;24;20;3;0.4;;700;;;;;4;;
CompleteGumtreeMatcher;633;24;26;3;0.4;;800;;;;;4;;
CompleteGumtreeMatcher;633;24;5;3;0.4;;900;;;;;4;;
CompleteGumtreeMatcher;633;24;16;3;0.4;;1000;;;;;4;;
CompleteGumtreeMatcher;633;24;6;3;0.4;;1100;;;;;4;;
CompleteGumtreeMatcher;633;24;5;3;0.4;;1200;;;;;4;;
CompleteGumtreeMatcher;633;24;16;3;0.4;;1300;;;;;4;;
CompleteGumtreeMatcher;633;24;29;3;0.4;;1400;;;;;4;;
CompleteGumtreeMatcher;633;24;27;3;0.4;;1500;;;;;4;;
CompleteGumtreeMatcher;40;27;7297;3;0.4;;1600;;;;;4;;
CompleteGumtreeMatcher;40;27;7230;3;0.4;;1700;;;;;4;;
CompleteGumtreeMatcher;40;27;7513;3;0.4;;1800;;;;;4;;
CompleteGumtreeMatcher;40;27;7364;3;0.4;;1900;;;;;4;;
CompleteGumtreeMatcher;40;27;7295;3;0.4;;2000;;;;;4;;
CompleteGumtreeMatcher;923;18;56;3;0.4;;100;;;;;5;;
CompleteGumtreeMatcher;923;18;15;3;0.4;;200;;;;;5;;
CompleteGumtreeMatcher;923;18;20;3;0.4;;300;;;;;5;;
CompleteGumtreeMatcher;923;18;67;3;0.4;;400;;;;;5;;
CompleteGumtreeMatcher;923;18;89;3;0.4;;500;;;;;5;;
CompleteGumtreeMatcher;923;18;6;3;0.4;;600;;;;;5;;
CompleteGumtreeMatcher;923;18;64;3;0.4;;700;;;;;5;;
CompleteGumtreeMatcher;923;18;6;3;0.4;;800;;;;;5;;
CompleteGumtreeMatcher;923;18;17;3;0.4;;900;;;;;5;;
CompleteGumtreeMatcher;923;18;6;3;0.4;;1000;;;;;5;;
CompleteGumtreeMatcher;923;18;5;3;0.4;;1100;;;;;5;;
CompleteGumtreeMatcher;923;18;5;3;0.4;;1200;;;;;5;;
CompleteGumtreeMatcher;923;18;6;3;0.4;;1300;;;;;5;;
CompleteGumtreeMatcher;923;18;6;3;0.4;;1400;;;;;5;;
CompleteGumtreeMatcher;923;18;15;3;0.4;;1500;;;;;5;;
CompleteGumtreeMatcher;40;27;7189;3;0.4;;1600;;;;;5;;
CompleteGumtreeMatcher;40;27;7278;3;0.4;;1700;;;;;5;;
CompleteGumtreeMatcher;40;27;7303;3;0.4;;1800;;;;;5;;
CompleteGumtreeMatcher;40;27;7232;3;0.4;;1900;;;;;5;;
CompleteGumtreeMatcher;40;27;7260;3;0.4;;2000;;;;;5;;
CompleteGumtreeMatcher;135;57;6;3;0.5;;100;;;;;1;;
CompleteGumtreeMatcher;135;57;23;3;0.5;;200;;;;;1;;
CompleteGumtreeMatcher;135;57;5;3;0.5;;300;;;;;1;;
CompleteGumtreeMatcher;135;57;24;3;0.5;;400;;;;;1;;
CompleteGumtreeMatcher;135;57;17;3;0.5;;500;;;;;1;;
CompleteGumtreeMatcher;135;57;8;3;0.5;;600;;;;;1;;
CompleteGumtreeMatcher;135;57;15;3;0.5;;700;;;;;1;;
CompleteGumtreeMatcher;135;57;32;3;0.5;;800;;;;;1;;
CompleteGumtreeMatcher;135;57;6;3;0.5;;900;;;;;1;;
CompleteGumtreeMatcher;135;57;26;3;0.5;;1000;;;;;1;;
CompleteGumtreeMatcher;135;57;5;3;0.5;;1100;;;;;1;;
CompleteGumtreeMatcher;135;57;16;3;0.5;;1200;;;;;1;;
CompleteGumtreeMatcher;135;57;6;3;0.5;;1300;;;;;1;;
CompleteGumtreeMatcher;135;57;24;3;0.5;;1400;;;;;1;;
CompleteGumtreeMatcher;135;57;10;3;0.5;;1500;;;;;1;;
CompleteGumtreeMatcher;42;30;8293;3;0.5;;1600;;;;;1;;
CompleteGumtreeMatcher;42;30;8239;3;0.5;;1700;;;;;1;;
CompleteGumtreeMatcher;42;30;8409;3;0.5;;1800;;;;;1;;
CompleteGumtreeMatcher;42;30;8575;3;0.5;;1900;;;;;1;;
CompleteGumtreeMatcher;42;30;8301;3;0.5;;2000;;;;;1;;
CompleteGumtreeMatcher;150;54;15;3;0.5;;100;;;;;2;;
CompleteGumtreeMatcher;150;54;29;3;0.5;;200;;;;;2;;
CompleteGumtreeMatcher;150;54;5;3;0.5;;300;;;;;2;;
CompleteGumtreeMatcher;150;54;5;3;0.5;;400;;;;;2;;
CompleteGumtreeMatcher;150;54;5;3;0.5;;500;;;;;2;;
CompleteGumtreeMatcher;150;54;11;3;0.5;;600;;;;;2;;
CompleteGumtreeMatcher;150;54;55;3;0.5;;700;;;;;2;;
CompleteGumtreeMatcher;150;54;14;3;0.5;;800;;;;;2;;
CompleteGumtreeMatcher;150;54;18;3;0.5;;900;;;;;2;;
CompleteGumtreeMatcher;150;54;9;3;0.5;;1000;;;;;2;;
CompleteGumtreeMatcher;150;54;5;3;0.5;;1100;;;;;2;;
CompleteGumtreeMatcher;150;54;12;3;0.5;;1200;;;;;2;;
CompleteGumtreeMatcher;150;54;23;3;0.5;;1300;;;;;2;;
CompleteGumtreeMatcher;150;54;5;3;0.5;;1400;;;;;2;;
CompleteGumtreeMatcher;150;54;4;3;0.5;;1500;;;;;2;;
CompleteGumtreeMatcher;40;29;8493;3;0.5;;1600;;;;;2;;
CompleteGumtreeMatcher;40;29;8402;3;0.5;;1700;;;;;2;;
CompleteGumtreeMatcher;40;29;8496;3;0.5;;1800;;;;;2;;
CompleteGumtreeMatcher;40;29;8657;3;0.5;;1900;;;;;2;;
CompleteGumtreeMatcher;40;29;8551;3;0.5;;2000;;;;;2;;
CompleteGumtreeMatcher;269;43;5;3;0.5;;100;;;;;3;;
CompleteGumtreeMatcher;269;43;44;3;0.5;;200;;;;;3;;
CompleteGumtreeMatcher;269;43;5;3;0.5;;300;;;;;3;;
CompleteGumtreeMatcher;269;43;5;3;0.5;;400;;;;;3;;
CompleteGumtreeMatcher;269;43;6;3;0.5;;500;;;;;3;;
CompleteGumtreeMatcher;269;43;6;3;0.5;;600;;;;;3;;
CompleteGumtreeMatcher;269;43;58;3;0.5;;700;;;;;3;;
CompleteGumtreeMatcher;269;43;4;3;0.5;;800;;;;;3;;
CompleteGumtreeMatcher;269;43;56;3;0.5;;900;;;;;3;;
CompleteGumtreeMatcher;269;43;11;3;0.5;;1000;;;;;3;;
CompleteGumtreeMatcher;269;43;11;3;0.5;;1100;;;;;3;;
CompleteGumtreeMatcher;269;43;8;3;0.5;;1200;;;;;3;;
CompleteGumtreeMatcher;269;43;77;3;0.5;;1300;;;;;3;;
CompleteGumtreeMatcher;269;43;6;3;0.5;;1400;;;;;3;;
CompleteGumtreeMatcher;269;43;33;3;0.5;;1500;;;;;3;;
CompleteGumtreeMatcher;46;33;9097;3;0.5;;1600;;;;;3;;
CompleteGumtreeMatcher;46;33;9089;3;0.5;;1700;;;;;3;;
CompleteGumtreeMatcher;46;33;9051;3;0.5;;1800;;;;;3;;
CompleteGumtreeMatcher;46;33;9011;3;0.5;;1900;;;;;3;;
CompleteGumtreeMatcher;46;33;9018;3;0.5;;2000;;;;;3;;
CompleteGumtreeMatcher;633;24;6;3;0.5;;100;;;;;4;;
CompleteGumtreeMatcher;633;24;6;3;0.5;;200;;;;;4;;
CompleteGumtreeMatcher;633;24;26;3;0.5;;300;;;;;4;;
CompleteGumtreeMatcher;633;24;5;3;0.5;;400;;;;;4;;
CompleteGumtreeMatcher;633;24;6;3;0.5;;500;;;;;4;;
CompleteGumtreeMatcher;633;24;5;3;0.5;;600;;;;;4;;
CompleteGumtreeMatcher;633;24;89;3;0.5;;700;;;;;4;;
CompleteGumtreeMatcher;633;24;6;3;0.5;;800;;;;;4;;
CompleteGumtreeMatcher;633;24;72;3;0.5;;900;;;;;4;;
CompleteGumtreeMatcher;633;24;5;3;0.5;;1000;;;;;4;;
CompleteGumtreeMatcher;633;24;12;3;0.5;;1100;;;;;4;;
CompleteGumtreeMatcher;633;24;6;3;0.5;;1200;;;;;4;;
CompleteGumtreeMatcher;633;24;144;3;0.5;;1300;;;;;4;;
CompleteGumtreeMatcher;633;24;4;3;0.5;;1400;;;;;4;;
CompleteGumtreeMatcher;633;24;92;3;0.5;;1500;;;;;4;;
CompleteGumtreeMatcher;40;27;9074;3;0.5;;1600;;;;;4;;
CompleteGumtreeMatcher;40;27;9053;3;0.5;;1700;;;;;4;;
CompleteGumtreeMatcher;40;27;8889;3;0.5;;1800;;;;;4;;
CompleteGumtreeMatcher;40;27;8879;3;0.5;;1900;;;;;4;;
CompleteGumtreeMatcher;40;27;8965;3;0.5;;2000;;;;;4;;
CompleteGumtreeMatcher;923;18;6;3;0.5;;100;;;;;5;;
CompleteGumtreeMatcher;923;18;26;3;0.5;;200;;;;;5;;
CompleteGumtreeMatcher;923;18;5;3;0.5;;300;;;;;5;;
CompleteGumtreeMatcher;923;18;21;3;0.5;;400;;;;;5;;
CompleteGumtreeMatcher;923;18;24;3;0.5;;500;;;;;5;;
CompleteGumtreeMatcher;923;18;6;3;0.5;;600;;;;;5;;
CompleteGumtreeMatcher;923;18;26;3;0.5;;700;;;;;5;;
CompleteGumtreeMatcher;923;18;4;3;0.5;;800;;;;;5;;
CompleteGumtreeMatcher;923;18;26;3;0.5;;900;;;;;5;;
CompleteGumtreeMatcher;923;18;4;3;0.5;;1000;;;;;5;;
CompleteGumtreeMatcher;923;18;5;3;0.5;;1100;;;;;5;;
CompleteGumtreeMatcher;923;18;17;3;0.5;;1200;;;;;5;;
CompleteGumtreeMatcher;923;18;61;3;0.5;;1300;;;;;5;;
CompleteGumtreeMatcher;923;18;5;3;0.5;;1400;;;;;5;;
CompleteGumtreeMatcher;923;18;203;3;0.5;;1500;;;;;5;;
CompleteGumtreeMatcher;40;27;7229;3;0.5;;1600;;;;;5;;
CompleteGumtreeMatcher;40;27;7445;3;0.5;;1700;;;;;5;;
CompleteGumtreeMatcher;40;27;7262;3;0.5;;1800;;;;;5;;
CompleteGumtreeMatcher;40;27;7253;3;0.5;;1900;;;;;5;;
CompleteGumtreeMatcher;40;27;7296;3;0.5;;2000;;;;;5;;
CompleteGumtreeMatcher;138;53;5;3;0.6;;100;;;;;1;;
CompleteGumtreeMatcher;138;53;4;3;0.6;;200;;;;;1;;
CompleteGumtreeMatcher;138;53;7;3;0.6;;300;;;;;1;;
CompleteGumtreeMatcher;138;53;45;3;0.6;;400;;;;;1;;
CompleteGumtreeMatcher;138;53;4;3;0.6;;500;;;;;1;;
CompleteGumtreeMatcher;138;53;60;3;0.6;;600;;;;;1;;
CompleteGumtreeMatcher;138;53;4;3;0.6;;700;;;;;1;;
CompleteGumtreeMatcher;138;53;17;3;0.6;;800;;;;;1;;
CompleteGumtreeMatcher;138;53;5;3;0.6;;900;;;;;1;;
CompleteGumtreeMatcher;138;53;4;3;0.6;;1000;;;;;1;;
CompleteGumtreeMatcher;138;53;18;3;0.6;;1100;;;;;1;;
CompleteGumtreeMatcher;138;53;5;3;0.6;;1200;;;;;1;;
CompleteGumtreeMatcher;138;53;84;3;0.6;;1300;;;;;1;;
CompleteGumtreeMatcher;138;53;75;3;0.6;;1400;;;;;1;;
CompleteGumtreeMatcher;138;53;4;3;0.6;;1500;;;;;1;;
CompleteGumtreeMatcher;36;24;7425;3;0.6;;1600;;;;;1;;
CompleteGumtreeMatcher;36;24;7425;3;0.6;;1700;;;;;1;;
CompleteGumtreeMatcher;36;24;7358;3;0.6;;1800;;;;;1;;
CompleteGumtreeMatcher;36;24;7289;3;0.6;;1900;;;;;1;;
CompleteGumtreeMatcher;36;24;7210;3;0.6;;2000;;;;;1;;
CompleteGumtreeMatcher;153;50;22;3;0.6;;100;;;;;2;;
CompleteGumtreeMatcher;153;50;5;3;0.6;;200;;;;;2;;
CompleteGumtreeMatcher;153;50;15;3;0.6;;300;;;;;2;;
CompleteGumtreeMatcher;153;50;5;3;0.6;;400;;;;;2;;
CompleteGumtreeMatcher;153;50;16;3;0.6;;500;;;;;2;;
CompleteGumtreeMatcher;153;50;5;3;0.6;;600;;;;;2;;
CompleteGumtreeMatcher;153;50;23;3;0.6;;700;;;;;2;;
CompleteGumtreeMatcher;153;50;5;3;0.6;;800;;;;;2;;
CompleteGumtreeMatcher;153;50;6;3;0.6;;900;;;;;2;;
CompleteGumtreeMatcher;153;50;5;3;0.6;;1000;;;;;2;;
CompleteGumtreeMatcher;153;50;35;3;0.6;;1100;;;;;2;;
CompleteGumtreeMatcher;153;50;35;3;0.6;;1200;;;;;2;;
CompleteGumtreeMatcher;153;50;7;3;0.6;;1300;;;;;2;;
CompleteGumtreeMatcher;153;50;75;3;0.6;;1400;;;;;2;;
CompleteGumtreeMatcher;153;50;64;3;0.6;;1500;;;;;2;;
CompleteGumtreeMatcher;34;23;7158;3;0.6;;1600;;;;;2;;
CompleteGumtreeMatcher;34;23;7042;3;0.6;;1700;;;;;2;;
CompleteGumtreeMatcher;34;23;7110;3;0.6;;1800;;;;;2;;
CompleteGumtreeMatcher;34;23;7407;3;0.6;;1900;;;;;2;;
CompleteGumtreeMatcher;34;23;7122;3;0.6;;2000;;;;;2;;
CompleteGumtreeMatcher;272;39;6;3;0.6;;100;;;;;3;;
CompleteGumtreeMatcher;272;39;5;3;0.6;;200;;;;;3;;
CompleteGumtreeMatcher;272;39;5;3;0.6;;300;;;;;3;;
CompleteGumtreeMatcher;272;39;34;3;0.6;;400;;;;;3;;
CompleteGumtreeMatcher;272;39;5;3;0.6;;500;;;;;3;;
CompleteGumtreeMatcher;272;39;20;3;0.6;;600;;;;;3;;
CompleteGumtreeMatcher;272;39;20;3;0.6;;700;;;;;3;;
CompleteGumtreeMatcher;272;39;4;3;0.6;;800;;;;;3;;
CompleteGumtreeMatcher;272;39;5;3;0.6;;900;;;;;3;;
CompleteGumtreeMatcher;272;39;23;3;0.6;;1000;;;;;3;;
CompleteGumtreeMatcher;272;39;5;3;0.6;;1100;;;;;3;;
CompleteGumtreeMatcher;272;39;24;3;0.6;;1200;;;;;3;;
CompleteGumtreeMatcher;272;39;5;3;0.6;;1300;;;;;3;;
CompleteGumtreeMatcher;272;39;5;3;0.6;;1400;;;;;3;;
CompleteGumtreeMatcher;272;39;23;3;0.6;;1500;;;;;3;;
CompleteGumtreeMatcher;40;27;7152;3;0.6;;1600;;;;;3;;
CompleteGumtreeMatcher;40;27;7102;3;0.6;;1700;;;;;3;;
CompleteGumtreeMatcher;40;27;7059;3;0.6;;1800;;;;;3;;
CompleteGumtreeMatcher;40;27;7050;3;0.6;;1900;;;;;3;;
CompleteGumtreeMatcher;40;27;7092;3;0.6;;2000;;;;;3;;
CompleteGumtreeMatcher;633;24;5;3;0.6;;100;;;;;4;;
CompleteGumtreeMatcher;633;24;5;3;0.6;;200;;;;;4;;
CompleteGumtreeMatcher;633;24;5;3;0.6;;300;;;;;4;;
CompleteGumtreeMatcher;633;24;6;3;0.6;;400;;;;;4;;
CompleteGumtreeMatcher;633;24;5;3;0.6;;500;;;;;4;;
CompleteGumtreeMatcher;633;24;58;3;0.6;;600;;;;;4;;
CompleteGumtreeMatcher;633;24;21;3;0.6;;700;;;;;4;;
CompleteGumtreeMatcher;633;24;19;3;0.6;;800;;;;;4;;
CompleteGumtreeMatcher;633;24;5;3;0.6;;900;;;;;4;;
CompleteGumtreeMatcher;633;24;25;3;0.6;;1000;;;;;4;;
CompleteGumtreeMatcher;633;24;16;3;0.6;;1100;;;;;4;;
CompleteGumtreeMatcher;633;24;5;3;0.6;;1200;;;;;4;;
CompleteGumtreeMatcher;633;24;25;3;0.6;;1300;;;;;4;;
CompleteGumtreeMatcher;633;24;6;3;0.6;;1400;;;;;4;;
CompleteGumtreeMatcher;633;24;31;3;0.6;;1500;;;;;4;;
CompleteGumtreeMatcher;40;27;7137;3;0.6;;1600;;;;;4;;
CompleteGumtreeMatcher;40;27;7113;3;0.6;;1700;;;;;4;;
CompleteGumtreeMatcher;40;27;7111;3;0.6;;1800;;;;;4;;
CompleteGumtreeMatcher;40;27;7157;3;0.6;;1900;;;;;4;;
CompleteGumtreeMatcher;40;27;7273;3;0.6;;2000;;;;;4;;
CompleteGumtreeMatcher;923;18;24;3;0.6;;100;;;;;5;;
CompleteGumtreeMatcher;923;18;5;3;0.6;;200;;;;;5;;
CompleteGumtreeMatcher;923;18;19;3;0.6;;300;;;;;5;;
CompleteGumtreeMatcher;923;18;24;3;0.6;;400;;;;;5;;
CompleteGumtreeMatcher;923;18;5;3;0.6;;500;;;;;5;;
CompleteGumtreeMatcher;923;18;21;3;0.6;;600;;;;;5;;
CompleteGumtreeMatcher;923;18;24;3;0.6;;700;;;;;5;;
CompleteGumtreeMatcher;923;18;5;3;0.6;;800;;;;;5;;
CompleteGumtreeMatcher;923;18;17;3;0.6;;900;;;;;5;;
CompleteGumtreeMatcher;923;18;5;3;0.6;;1000;;;;;5;;
CompleteGumtreeMatcher;923;18;29;3;0.6;;1100;;;;;5;;
CompleteGumtreeMatcher;923;18;33;3;0.6;;1200;;;;;5;;
CompleteGumtreeMatcher;923;18;5;3;0.6;;1300;;;;;5;;
CompleteGumtreeMatcher;923;18;6;3;0.6;;1400;;;;;5;;
CompleteGumtreeMatcher;923;18;6;3;0.6;;1500;;;;;5;;
CompleteGumtreeMatcher;40;27;7286;3;0.6;;1600;;;;;5;;
CompleteGumtreeMatcher;40;27;7393;3;0.6;;1700;;;;;5;;
CompleteGumtreeMatcher;40;27;7262;3;0.6;;1800;;;;;5;;
CompleteGumtreeMatcher;40;27;7203;3;0.6;;1900;;;;;5;;
CompleteGumtreeMatcher;40;27;7182;3;0.6;;2000;;;;;5;;
CompleteGumtreeMatcher;138;53;7;3;0.7;;100;;;;;1;;
CompleteGumtreeMatcher;138;53;21;3;0.7;;200;;;;;1;;
CompleteGumtreeMatcher;138;53;6;3;0.7;;300;;;;;1;;
CompleteGumtreeMatcher;138;53;7;3;0.7;;400;;;;;1;;
CompleteGumtreeMatcher;138;53;21;3;0.7;;500;;;;;1;;
CompleteGumtreeMatcher;138;53;21;3;0.7;;600;;;;;1;;
CompleteGumtreeMatcher;138;53;5;3;0.7;;700;;;;;1;;
CompleteGumtreeMatcher;138;53;30;3;0.7;;800;;;;;1;;
CompleteGumtreeMatcher;138;53;5;3;0.7;;900;;;;;1;;
CompleteGumtreeMatcher;138;53;5;3;0.7;;1000;;;;;1;;
CompleteGumtreeMatcher;138;53;38;3;0.7;;1100;;;;;1;;
CompleteGumtreeMatcher;138;53;44;3;0.7;;1200;;;;;1;;
CompleteGumtreeMatcher;138;53;12;3;0.7;;1300;;;;;1;;
CompleteGumtreeMatcher;138;53;44;3;0.7;;1400;;;;;1;;
CompleteGumtreeMatcher;138;53;39;3;0.7;;1500;;;;;1;;
CompleteGumtreeMatcher;36;24;7566;3;0.7;;1600;;;;;1;;
CompleteGumtreeMatcher;36;24;7594;3;0.7;;1700;;;;;1;;
CompleteGumtreeMatcher;36;24;7437;3;0.7;;1800;;;;;1;;
CompleteGumtreeMatcher;36;24;7474;3;0.7;;1900;;;;;1;;
CompleteGumtreeMatcher;36;24;7432;3;0.7;;2000;;;;;1;;
CompleteGumtreeMatcher;153;50;6;3;0.7;;100;;;;;2;;
CompleteGumtreeMatcher;153;50;6;3;0.7;;200;;;;;2;;
CompleteGumtreeMatcher;153;50;44;3;0.7;;300;;;;;2;;
CompleteGumtreeMatcher;153;50;24;3;0.7;;400;;;;;2;;
CompleteGumtreeMatcher;153;50;5;3;0.7;;500;;;;;2;;
CompleteGumtreeMatcher;153;50;21;3;0.7;;600;;;;;2;;
CompleteGumtreeMatcher;153;50;5;3;0.7;;700;;;;;2;;
CompleteGumtreeMatcher;153;50;20;3;0.7;;800;;;;;2;;
CompleteGumtreeMatcher;153;50;27;3;0.7;;900;;;;;2;;
CompleteGumtreeMatcher;153;50;5;3;0.7;;1000;;;;;2;;
CompleteGumtreeMatcher;153;50;19;3;0.7;;1100;;;;;2;;
CompleteGumtreeMatcher;153;50;4;3;0.7;;1200;;;;;2;;
CompleteGumtreeMatcher;153;50;25;3;0.7;;1300;;;;;2;;
CompleteGumtreeMatcher;153;50;34;3;0.7;;1400;;;;;2;;
CompleteGumtreeMatcher;153;50;4;3;0.7;;1500;;;;;2;;
CompleteGumtreeMatcher;34;23;7436;3;0.7;;1600;;;;;2;;
CompleteGumtreeMatcher;34;23;7477;3;0.7;;1700;;;;;2;;
CompleteGumtreeMatcher;34;23;7458;3;0.7;;1800;;;;;2;;
CompleteGumtreeMatcher;34;23;7457;3;0.7;;1900;;;;;2;;
CompleteGumtreeMatcher;34;23;7336;3;0.7;;2000;;;;;2;;
CompleteGumtreeMatcher;272;39;17;3;0.7;;100;;;;;3;;
CompleteGumtreeMatcher;272;39;7;3;0.7;;200;;;;;3;;
CompleteGumtreeMatcher;272;39;36;3;0.7;;300;;;;;3;;
CompleteGumtreeMatcher;272;39;73;3;0.7;;400;;;;;3;;
CompleteGumtreeMatcher;272;39;57;3;0.7;;500;;;;;3;;
CompleteGumtreeMatcher;272;39;39;3;0.7;;600;;;;;3;;
CompleteGumtreeMatcher;272;39;27;3;0.7;;700;;;;;3;;
CompleteGumtreeMatcher;272;39;4;3;0.7;;800;;;;;3;;
CompleteGumtreeMatcher;272;39;31;3;0.7;;900;;;;;3;;
CompleteGumtreeMatcher;272;39;28;3;0.7;;1000;;;;;3;;
CompleteGumtreeMatcher;272;39;7;3;0.7;;1100;;;;;3;;
CompleteGumtreeMatcher;272;39;6;3;0.7;;1200;;;;;3;;
CompleteGumtreeMatcher;272;39;15;3;0.7;;1300;;;;;3;;
CompleteGumtreeMatcher;272;39;60;3;0.7;;1400;;;;;3;;
CompleteGumtreeMatcher;272;39;5;3;0.7;;1500;;;;;3;;
CompleteGumtreeMatcher;40;27;7407;3;0.7;;1600;;;;;3;;
CompleteGumtreeMatcher;40;27;7792;3;0.7;;1700;;;;;3;;
CompleteGumtreeMatcher;40;27;7490;3;0.7;;1800;;;;;3;;
CompleteGumtreeMatcher;40;27;7620;3;0.7;;1900;;;;;3;;
CompleteGumtreeMatcher;40;27;7408;3;0.7;;2000;;;;;3;;
CompleteGumtreeMatcher;633;24;5;3;0.7;;100;;;;;4;;
CompleteGumtreeMatcher;633;24;6;3;0.7;;200;;;;;4;;
CompleteGumtreeMatcher;633;24;29;3;0.7;;300;;;;;4;;
CompleteGumtreeMatcher;633;24;17;3;0.7;;400;;;;;4;;
CompleteGumtreeMatcher;633;24;6;3;0.7;;500;;;;;4;;
CompleteGumtreeMatcher;633;24;24;3;0.7;;600;;;;;4;;
CompleteGumtreeMatcher;633;24;4;3;0.7;;700;;;;;4;;
CompleteGumtreeMatcher;633;24;17;3;0.7;;800;;;;;4;;
CompleteGumtreeMatcher;633;24;25;3;0.7;;900;;;;;4;;
CompleteGumtreeMatcher;633;24;4;3;0.7;;1000;;;;;4;;
CompleteGumtreeMatcher;633;24;26;3;0.7;;1100;;;;;4;;
CompleteGumtreeMatcher;633;24;27;3;0.7;;1200;;;;;4;;
CompleteGumtreeMatcher;633;24;5;3;0.7;;1300;;;;;4;;
CompleteGumtreeMatcher;633;24;5;3;0.7;;1400;;;;;4;;
CompleteGumtreeMatcher;633;24;5;3;0.7;;1500;;;;;4;;
CompleteGumtreeMatcher;40;27;7858;3;0.7;;1600;;;;;4;;
CompleteGumtreeMatcher;40;27;7913;3;0.7;;1700;;;;;4;;
CompleteGumtreeMatcher;40;27;7559;3;0.7;;1800;;;;;4;;
CompleteGumtreeMatcher;40;27;7913;3;0.7;;1900;;;;;4;;
CompleteGumtreeMatcher;40;27;7737;3;0.7;;2000;;;;;4;;
CompleteGumtreeMatcher;923;18;16;3;0.7;;100;;;;;5;;
CompleteGumtreeMatcher;923;18;6;3;0.7;;200;;;;;5;;
CompleteGumtreeMatcher;923;18;26;3;0.7;;300;;;;;5;;
CompleteGumtreeMatcher;923;18;36;3;0.7;;400;;;;;5;;
CompleteGumtreeMatcher;923;18;44;3;0.7;;500;;;;;5;;
CompleteGumtreeMatcher;923;18;19;3;0.7;;600;;;;;5;;
CompleteGumtreeMatcher;923;18;31;3;0.7;;700;;;;;5;;
CompleteGumtreeMatcher;923;18;35;3;0.7;;800;;;;;5;;
CompleteGumtreeMatcher;923;18;6;3;0.7;;900;;;;;5;;
CompleteGumtreeMatcher;923;18;27;3;0.7;;1000;;;;;5;;
CompleteGumtreeMatcher;923;18;27;3;0.7;;1100;;;;;5;;
CompleteGumtreeMatcher;923;18;6;3;0.7;;1200;;;;;5;;
CompleteGumtreeMatcher;923;18;6;3;0.7;;1300;;;;;5;;
CompleteGumtreeMatcher;923;18;13;3;0.7;;1400;;;;;5;;
CompleteGumtreeMatcher;923;18;25;3;0.7;;1500;;;;;5;;
CompleteGumtreeMatcher;40;27;9094;3;0.7;;1600;;;;;5;;
CompleteGumtreeMatcher;40;27;8999;3;0.7;;1700;;;;;5;;
CompleteGumtreeMatcher;40;27;8994;3;0.7;;1800;;;;;5;;
CompleteGumtreeMatcher;40;27;8921;3;0.7;;1900;;;;;5;;
CompleteGumtreeMatcher;40;27;8828;3;0.7;;2000;;;;;5;;
CompleteGumtreeMatcher;142;51;6;3;0.799;;100;;;;;1;;
CompleteGumtreeMatcher;142;51;32;3;0.799;;200;;;;;1;;
CompleteGumtreeMatcher;142;51;4;3;0.799;;300;;;;;1;;
CompleteGumtreeMatcher;142;51;4;3;0.799;;400;;;;;1;;
CompleteGumtreeMatcher;142;51;33;3;0.799;;500;;;;;1;;
CompleteGumtreeMatcher;142;51;5;3;0.799;;600;;;;;1;;
CompleteGumtreeMatcher;142;51;29;3;0.799;;700;;;;;1;;
CompleteGumtreeMatcher;142;51;5;3;0.799;;800;;;;;1;;
CompleteGumtreeMatcher;142;51;40;3;0.799;;900;;;;;1;;
CompleteGumtreeMatcher;142;51;4;3;0.799;;1000;;;;;1;;
CompleteGumtreeMatcher;142;51;19;3;0.799;;1100;;;;;1;;
CompleteGumtreeMatcher;142;51;5;3;0.799;;1200;;;;;1;;
CompleteGumtreeMatcher;142;51;4;3;0.799;;1300;;;;;1;;
CompleteGumtreeMatcher;142;51;40;3;0.799;;1400;;;;;1;;
CompleteGumtreeMatcher;142;51;5;3;0.799;;1500;;;;;1;;
CompleteGumtreeMatcher;33;21;8900;3;0.799;;1600;;;;;1;;
CompleteGumtreeMatcher;33;21;8846;3;0.799;;1700;;;;;1;;
CompleteGumtreeMatcher;33;21;8861;3;0.799;;1800;;;;;1;;
CompleteGumtreeMatcher;33;21;8919;3;0.799;;1900;;;;;1;;
CompleteGumtreeMatcher;33;21;8925;3;0.799;;2000;;;;;1;;
CompleteGumtreeMatcher;157;48;4;3;0.799;;100;;;;;2;;
CompleteGumtreeMatcher;157;48;33;3;0.799;;200;;;;;2;;
CompleteGumtreeMatcher;157;48;31;3;0.799;;300;;;;;2;;
CompleteGumtreeMatcher;157;48;5;3;0.799;;400;;;;;2;;
CompleteGumtreeMatcher;157;48;30;3;0.799;;500;;;;;2;;
CompleteGumtreeMatcher;157;48;4;3;0.799;;600;;;;;2;;
CompleteGumtreeMatcher;157;48;30;3;0.799;;700;;;;;2;;
CompleteGumtreeMatcher;157;48;5;3;0.799;;800;;;;;2;;
CompleteGumtreeMatcher;157;48;25;3;0.799;;900;;;;;2;;
CompleteGumtreeMatcher;157;48;5;3;0.799;;1000;;;;;2;;
CompleteGumtreeMatcher;157;48;5;3;0.799;;1100;;;;;2;;
CompleteGumtreeMatcher;157;48;28;3;0.799;;1200;;;;;2;;
CompleteGumtreeMatcher;157;48;18;3;0.799;;1300;;;;;2;;
CompleteGumtreeMatcher;157;48;4;3;0.799;;1400;;;;;2;;
CompleteGumtreeMatcher;157;48;4;3;0.799;;1500;;;;;2;;
CompleteGumtreeMatcher;31;20;7183;3;0.799;;1600;;;;;2;;
CompleteGumtreeMatcher;31;20;7298;3;0.799;;1700;;;;;2;;
CompleteGumtreeMatcher;31;20;7221;3;0.799;;1800;;;;;2;;
CompleteGumtreeMatcher;31;20;7298;3;0.799;;1900;;;;;2;;
CompleteGumtreeMatcher;31;20;7280;3;0.799;;2000;;;;;2;;
CompleteGumtreeMatcher;276;37;23;3;0.799;;100;;;;;3;;
CompleteGumtreeMatcher;276;37;38;3;0.799;;200;;;;;3;;
CompleteGumtreeMatcher;276;37;4;3;0.799;;300;;;;;3;;
CompleteGumtreeMatcher;276;37;43;3;0.799;;400;;;;;3;;
CompleteGumtreeMatcher;276;37;5;3;0.799;;500;;;;;3;;
CompleteGumtreeMatcher;276;37;28;3;0.799;;600;;;;;3;;
CompleteGumtreeMatcher;276;37;4;3;0.799;;700;;;;;3;;
CompleteGumtreeMatcher;276;37;4;3;0.799;;800;;;;;3;;
CompleteGumtreeMatcher;276;37;17;3;0.799;;900;;;;;3;;
CompleteGumtreeMatcher;276;37;16;3;0.799;;1000;;;;;3;;
CompleteGumtreeMatcher;276;37;13;3;0.799;;1100;;;;;3;;
CompleteGumtreeMatcher;276;37;4;3;0.799;;1200;;;;;3;;
CompleteGumtreeMatcher;276;37;4;3;0.799;;1300;;;;;3;;
CompleteGumtreeMatcher;276;37;32;3;0.799;;1400;;;;;3;;
CompleteGumtreeMatcher;276;37;24;3;0.799;;1500;;;;;3;;
CompleteGumtreeMatcher;37;24;7361;3;0.799;;1600;;;;;3;;
CompleteGumtreeMatcher;37;24;7388;3;0.799;;1700;;;;;3;;
CompleteGumtreeMatcher;37;24;7501;3;0.799;;1800;;;;;3;;
CompleteGumtreeMatcher;37;24;7554;3;0.799;;1900;;;;;3;;
CompleteGumtreeMatcher;37;24;7405;3;0.799;;2000;;;;;3;;
CompleteGumtreeMatcher;637;22;5;3;0.799;;100;;;;;4;;
CompleteGumtreeMatcher;637;22;34;3;0.799;;200;;;;;4;;
CompleteGumtreeMatcher;637;22;5;3;0.799;;300;;;;;4;;
CompleteGumtreeMatcher;637;22;21;3;0.799;;400;;;;;4;;
CompleteGumtreeMatcher;637;22;5;3;0.799;;500;;;;;4;;
CompleteGumtreeMatcher;637;22;21;3;0.799;;600;;;;;4;;
CompleteGumtreeMatcher;637;22;6;3;0.799;;700;;;;;4;;
CompleteGumtreeMatcher;637;22;16;3;0.799;;800;;;;;4;;
CompleteGumtreeMatcher;637;22;6;3;0.799;;900;;;;;4;;
CompleteGumtreeMatcher;637;22;16;3;0.799;;1000;;;;;4;;
CompleteGumtreeMatcher;637;22;5;3;0.799;;1100;;;;;4;;
CompleteGumtreeMatcher;637;22;26;3;0.799;;1200;;;;;4;;
CompleteGumtreeMatcher;637;22;6;3;0.799;;1300;;;;;4;;
CompleteGumtreeMatcher;637;22;24;3;0.799;;1400;;;;;4;;
CompleteGumtreeMatcher;637;22;48;3;0.799;;1500;;;;;4;;
CompleteGumtreeMatcher;37;24;7964;3;0.799;;1600;;;;;4;;
CompleteGumtreeMatcher;37;24;7978;3;0.799;;1700;;;;;4;;
CompleteGumtreeMatcher;37;24;7942;3;0.799;;1800;;;;;4;;
CompleteGumtreeMatcher;37;24;7893;3;0.799;;1900;;;;;4;;
CompleteGumtreeMatcher;37;24;7972;3;0.799;;2000;;;;;4;;
CompleteGumtreeMatcher;927;16;21;3;0.799;;100;;;;;5;;
CompleteGumtreeMatcher;927;16;5;3;0.799;;200;;;;;5;;
CompleteGumtreeMatcher;927;16;30;3;0.799;;300;;;;;5;;
CompleteGumtreeMatcher;927;16;22;3;0.799;;400;;;;;5;;
CompleteGumtreeMatcher;927;16;6;3;0.799;;500;;;;;5;;
CompleteGumtreeMatcher;927;16;94;3;0.799;;600;;;;;5;;
CompleteGumtreeMatcher;927;16;5;3;0.799;;700;;;;;5;;
CompleteGumtreeMatcher;927;16;93;3;0.799;;800;;;;;5;;
CompleteGumtreeMatcher;927;16;47;3;0.799;;900;;;;;5;;
CompleteGumtreeMatcher;927;16;5;3;0.799;;1000;;;;;5;;
CompleteGumtreeMatcher;927;16;46;3;0.799;;1100;;;;;5;;
CompleteGumtreeMatcher;927;16;22;3;0.799;;1200;;;;;5;;
CompleteGumtreeMatcher;927;16;33;3;0.799;;1300;;;;;5;;
CompleteGumtreeMatcher;927;16;6;3;0.799;;1400;;;;;5;;
CompleteGumtreeMatcher;927;16;44;3;0.799;;1500;;;;;5;;
CompleteGumtreeMatcher;37;24;7789;3;0.799;;1600;;;;;5;;
CompleteGumtreeMatcher;37;24;8054;3;0.799;;1700;;;;;5;;
CompleteGumtreeMatcher;37;24;7699;3;0.799;;1800;;;;;5;;
CompleteGumtreeMatcher;37;24;8053;3;0.799;;1900;;;;;5;;
CompleteGumtreeMatcher;37;24;7867;3;0.799;;2000;;;;;5;;
CompleteGumtreeMatcher;142;51;26;3;0.899;;100;;;;;1;;
CompleteGumtreeMatcher;142;51;4;3;0.899;;200;;;;;1;;
CompleteGumtreeMatcher;142;51;32;3;0.899;;300;;;;;1;;
CompleteGumtreeMatcher;142;51;36;3;0.899;;400;;;;;1;;
CompleteGumtreeMatcher;142;51;4;3;0.899;;500;;;;;1;;
CompleteGumtreeMatcher;142;51;4;3;0.899;;600;;;;;1;;
CompleteGumtreeMatcher;142;51;4;3;0.899;;700;;;;;1;;
CompleteGumtreeMatcher;142;51;38;3;0.899;;800;;;;;1;;
CompleteGumtreeMatcher;142;51;5;3;0.899;;900;;;;;1;;
CompleteGumtreeMatcher;142;51;59;3;0.899;;1000;;;;;1;;
CompleteGumtreeMatcher;142;51;5;3;0.899;;1100;;;;;1;;
CompleteGumtreeMatcher;142;51;13;3;0.899;;1200;;;;;1;;
CompleteGumtreeMatcher;142;51;13;3;0.899;;1300;;;;;1;;
CompleteGumtreeMatcher;142;51;5;3;0.899;;1400;;;;;1;;
CompleteGumtreeMatcher;142;51;5;3;0.899;;1500;;;;;1;;
CompleteGumtreeMatcher;33;21;7254;3;0.899;;1600;;;;;1;;
CompleteGumtreeMatcher;33;21;7076;3;0.899;;1700;;;;;1;;
CompleteGumtreeMatcher;33;21;7071;3;0.899;;1800;;;;;1;;
CompleteGumtreeMatcher;33;21;7080;3;0.899;;1900;;;;;1;;
CompleteGumtreeMatcher;33;21;7035;3;0.899;;2000;;;;;1;;
CompleteGumtreeMatcher;157;48;22;3;0.899;;100;;;;;2;;
CompleteGumtreeMatcher;157;48;5;3;0.899;;200;;;;;2;;
CompleteGumtreeMatcher;157;48;20;3;0.899;;300;;;;;2;;
CompleteGumtreeMatcher;157;48;5;3;0.899;;400;;;;;2;;
CompleteGumtreeMatcher;157;48;25;3;0.899;;500;;;;;2;;
CompleteGumtreeMatcher;157;48;4;3;0.899;;600;;;;;2;;
CompleteGumtreeMatcher;157;48;4;3;0.899;;700;;;;;2;;
CompleteGumtreeMatcher;157;48;5;3;0.899;;800;;;;;2;;
CompleteGumtreeMatcher;157;48;58;3;0.899;;900;;;;;2;;
CompleteGumtreeMatcher;157;48;50;3;0.899;;1000;;;;;2;;
CompleteGumtreeMatcher;157;48;131;3;0.899;;1100;;;;;2;;
CompleteGumtreeMatcher;157;48;4;3;0.899;;1200;;;;;2;;
CompleteGumtreeMatcher;157;48;6;3;0.899;;1300;;;;;2;;
CompleteGumtreeMatcher;157;48;4;3;0.899;;1400;;;;;2;;
CompleteGumtreeMatcher;157;48;4;3;0.899;;1500;;;;;2;;
CompleteGumtreeMatcher;31;20;6828;3;0.899;;1600;;;;;2;;
CompleteGumtreeMatcher;31;20;7050;3;0.899;;1700;;;;;2;;
CompleteGumtreeMatcher;31;20;7031;3;0.899;;1800;;;;;2;;
CompleteGumtreeMatcher;31;20;6974;3;0.899;;1900;;;;;2;;
CompleteGumtreeMatcher;31;20;6993;3;0.899;;2000;;;;;2;;
CompleteGumtreeMatcher;276;37;5;3;0.899;;100;;;;;3;;
CompleteGumtreeMatcher;276;37;19;3;0.899;;200;;;;;3;;
CompleteGumtreeMatcher;276;37;23;3;0.899;;300;;;;;3;;
CompleteGumtreeMatcher;276;37;4;3;0.899;;400;;;;;3;;
CompleteGumtreeMatcher;276;37;16;3;0.899;;500;;;;;3;;
CompleteGumtreeMatcher;276;37;4;3;0.899;;600;;;;;3;;
CompleteGumtreeMatcher;276;37;33;3;0.899;;700;;;;;3;;
CompleteGumtreeMatcher;276;37;4;3;0.899;;800;;;;;3;;
CompleteGumtreeMatcher;276;37;11;3;0.899;;900;;;;;3;;
CompleteGumtreeMatcher;276;37;5;3;0.899;;1000;;;;;3;;
CompleteGumtreeMatcher;276;37;33;3;0.899;;1100;;;;;3;;
CompleteGumtreeMatcher;276;37;25;3;0.899;;1200;;;;;3;;
CompleteGumtreeMatcher;276;37;5;3;0.899;;1300;;;;;3;;
CompleteGumtreeMatcher;276;37;45;3;0.899;;1400;;;;;3;;
CompleteGumtreeMatcher;276;37;5;3;0.899;;1500;;;;;3;;
CompleteGumtreeMatcher;37;24;6759;3;0.899;;1600;;;;;3;;
CompleteGumtreeMatcher;37;24;6732;3;0.899;;1700;;;;;3;;
CompleteGumtreeMatcher;37;24;6736;3;0.899;;1800;;;;;3;;
CompleteGumtreeMatcher;37;24;6754;3;0.899;;1900;;;;;3;;
CompleteGumtreeMatcher;37;24;6738;3;0.899;;2000;;;;;3;;
CompleteGumtreeMatcher;637;22;23;3;0.899;;100;;;;;4;;
CompleteGumtreeMatcher;637;22;6;3;0.899;;200;;;;;4;;
CompleteGumtreeMatcher;637;22;5;3;0.899;;300;;;;;4;;
CompleteGumtreeMatcher;637;22;4;3;0.899;;400;;;;;4;;
CompleteGumtreeMatcher;637;22;54;3;0.899;;500;;;;;4;;
CompleteGumtreeMatcher;637;22;5;3;0.899;;600;;;;;4;;
CompleteGumtreeMatcher;637;22;17;3;0.899;;700;;;;;4;;
CompleteGumtreeMatcher;637;22;6;3;0.899;;800;;;;;4;;
CompleteGumtreeMatcher;637;22;29;3;0.899;;900;;;;;4;;
CompleteGumtreeMatcher;637;22;5;3;0.899;;1000;;;;;4;;
CompleteGumtreeMatcher;637;22;29;3;0.899;;1100;;;;;4;;
CompleteGumtreeMatcher;637;22;4;3;0.899;;1200;;;;;4;;
CompleteGumtreeMatcher;637;22;25;3;0.899;;1300;;;;;4;;
CompleteGumtreeMatcher;637;22;4;3;0.899;;1400;;;;;4;;
CompleteGumtreeMatcher;637;22;23;3;0.899;;1500;;;;;4;;
CompleteGumtreeMatcher;37;24;6680;3;0.899;;1600;;;;;4;;
CompleteGumtreeMatcher;37;24;6733;3;0.899;;1700;;;;;4;;
CompleteGumtreeMatcher;37;24;6838;3;0.899;;1800;;;;;4;;
CompleteGumtreeMatcher;37;24;6816;3;0.899;;1900;;;;;4;;
CompleteGumtreeMatcher;37;24;6776;3;0.899;;2000;;;;;4;;
CompleteGumtreeMatcher;927;16;5;3;0.899;;100;;;;;5;;
CompleteGumtreeMatcher;927;16;6;3;0.899;;200;;;;;5;;
CompleteGumtreeMatcher;927;16;45;3;0.899;;300;;;;;5;;
CompleteGumtreeMatcher;927;16;29;3;0.899;;400;;;;;5;;
CompleteGumtreeMatcher;927;16;6;3;0.899;;500;;;;;5;;
CompleteGumtreeMatcher;927;16;14;3;0.899;;600;;;;;5;;
CompleteGumtreeMatcher;927;16;4;3;0.899;;700;;;;;5;;
CompleteGumtreeMatcher;927;16;4;3;0.899;;800;;;;;5;;
CompleteGumtreeMatcher;927;16;20;3;0.899;;900;;;;;5;;
CompleteGumtreeMatcher;927;16;32;3;0.899;;1000;;;;;5;;
CompleteGumtreeMatcher;927;16;5;3;0.899;;1100;;;;;5;;
CompleteGumtreeMatcher;927;16;5;3;0.899;;1200;;;;;5;;
CompleteGumtreeMatcher;927;16;16;3;0.899;;1300;;;;;5;;
CompleteGumtreeMatcher;927;16;8;3;0.899;;1400;;;;;5;;
CompleteGumtreeMatcher;927;16;5;3;0.899;;1500;;;;;5;;
CompleteGumtreeMatcher;37;24;7548;3;0.899;;1600;;;;;5;;
CompleteGumtreeMatcher;37;24;7844;3;0.899;;1700;;;;;5;;
CompleteGumtreeMatcher;37;24;7972;3;0.899;;1800;;;;;5;;
CompleteGumtreeMatcher;37;24;7607;3;0.899;;1900;;;;;5;;
CompleteGumtreeMatcher;37;24;7608;3;0.899;;2000;;;;;5;;
CompleteGumtreeMatcher;142;51;6;3;0.999;;100;;;;;1;;
CompleteGumtreeMatcher;142;51;14;3;0.999;;200;;;;;1;;
CompleteGumtreeMatcher;142;51;4;3;0.999;;300;;;;;1;;
CompleteGumtreeMatcher;142;51;5;3;0.999;;400;;;;;1;;
CompleteGumtreeMatcher;142;51;18;3;0.999;;500;;;;;1;;
CompleteGumtreeMatcher;142;51;5;3;0.999;;600;;;;;1;;
CompleteGumtreeMatcher;142;51;23;3;0.999;;700;;;;;1;;
CompleteGumtreeMatcher;142;51;11;3;0.999;;800;;;;;1;;
CompleteGumtreeMatcher;142;51;26;3;0.999;;900;;;;;1;;
CompleteGumtreeMatcher;142;51;4;3;0.999;;1000;;;;;1;;
CompleteGumtreeMatcher;142;51;4;3;0.999;;1100;;;;;1;;
CompleteGumtreeMatcher;142;51;12;3;0.999;;1200;;;;;1;;
CompleteGumtreeMatcher;142;51;4;3;0.999;;1300;;;;;1;;
CompleteGumtreeMatcher;142;51;28;3;0.999;;1400;;;;;1;;
CompleteGumtreeMatcher;142;51;4;3;0.999;;1500;;;;;1;;
CompleteGumtreeMatcher;33;21;7813;3;0.999;;1600;;;;;1;;
CompleteGumtreeMatcher;33;21;7877;3;0.999;;1700;;;;;1;;
CompleteGumtreeMatcher;33;21;7766;3;0.999;;1800;;;;;1;;
CompleteGumtreeMatcher;33;21;7928;3;0.999;;1900;;;;;1;;
CompleteGumtreeMatcher;33;21;7957;3;0.999;;2000;;;;;1;;
CompleteGumtreeMatcher;157;48;17;3;0.999;;100;;;;;2;;
Co;;;;;;;;;;;;;;
;570,027;;;;;;;;;;;;;
